read_id,aligned_tRNAs
06b3d6eb-8e0d-45d4-b285-11c9c1cccdb4,tRNA-Ala-CGC-1-1;tRNA-Val-CAC-1-1
37a417ea-7f7a-4e34-83c4-da05176a2fdd,tRNA-Asn-GTT-2-1;tRNA-Val-TAC-1-1
0a7122d9-b4f0-4537-92d7-e645b00cf6f4,tRNA-His-GTG-1-1;tRNA-Pro-TGG-2-1
0d0d9ef8-3fdf-4ae9-87e9-17c9f1b467e4,tRNA-Tyr-GTA-1-1;tRNA-Val-TAC-1-1
1ce817bb-71e2-41b1-ace6-836e0dceac6d,tRNA-Ala-TGC-1-1;tRNA-Phe-GAA-1-1
a3972f24-6de4-47b6-9765-ccf18e096475,tRNA-Gly-TCC-2-1;tRNA-Leu-AAG-1-1
55969007-ca6d-40f4-ae32-bc9233d4517f,tRNA-Pro-TGG-2-1;tRNA-Thr-TGT-2-1
698e1dcf-538f-42aa-b463-52c075902a2e,tRNA-Ile-TAT-1-1;tRNA-Lys-TTT-1-1
6973f7da-d810-4343-9e07-88db087b4715,tRNA-Gly-CCC-1-1;tRNA-Thr-TGT-2-1
7bcdd412-a21e-463d-9392-39a640a37f37,tRNA-Leu-TAG-1-1;tRNA-Pro-TGG-2-1
7ee84505-ecfc-46f6-9c63-6eaf8201a3b7,tRNA-Ala-TGC-1-1;tRNA-Ile-TAT-1-1
60aba24d-982b-4376-af90-0d161308d4da,tRNA-Ala-CGC-1-1;tRNA-Val-TAC-1-1
61801c37-daa2-4f39-84db-0ab63f27dd5c,tRNA-Ala-CGC-1-1;tRNA-Val-TAC-1-1
9bb0a8b2-8667-4452-9d18-6dbed1a1ef99,tRNA-Glu-TTC-1-1;tRNA-Ile-TAT-1-1
c2f8f58b-da20-47d4-935e-56fd017a9e9d,tRNA-Arg-CCG-1-1;tRNA-Gly-CCC-1-1
bf6c7119-a664-475f-9672-8a89fb1ff52a,tRNA-Leu-TAA-1-1;tRNA-Tyr-GTA-1-1
dfcabed8-9f36-4d3d-882e-8e6dbcca5000,tRNA-Ser-TGA-2-1;tRNA-Val-CAC-1-1
d0c61843-6c01-4019-aefa-ce324433fdfb,tRNA-Arg-ACG-1-1;tRNA-Val-TAC-1-1
e5ec6b75-2e3a-4313-a76b-811b26565a5f,tRNA-Ala-TGC-1-1;tRNA-Ser-AGA-1-1
e9bc1ad1-b4e5-4de7-ab38-dd9ee6e68819,tRNA-Cys-GCA-1-1;tRNA-Phe-GAA-1-1
21d3bcb6-f4c3-4bb0-a91f-8ed2720c984e,tRNA-Asp-GTC-1-1;tRNA-Tyr-GTA-1-1
0a7af06b-2b7d-4910-aa05-d35b300c87d6,tRNA-Lys-CTT-1-1;tRNA-Tyr-GTA-1-1
12dca2ad-710a-49b2-b455-6d449fab63f6,tRNA-Glu-CTC-1-1;tRNA-Pro-TGG-2-1
3590d56e-b6f0-4ee1-adac-8a9761c73d7f,tRNA-Ile-AAT-1-1;tRNA-Tyr-GTA-1-1
4fefce9f-e046-41bf-91ce-75a7c735bf1c,tRNA-Leu-AAG-1-1;tRNA-Val-AAC-1-1_intron
4d83e961-58e8-4643-aa12-b44207b9ac6c,tRNA-Asn-GTT-2-1;tRNA-Met-CAT-1-1
60b76937-1e33-4a60-9068-16c886c8c4fa,tRNA-Arg-ACG-1-1;tRNA-Leu-CAA-1-1
9ed2940c-3578-4504-8e17-37c47c07b4b7,tRNA-Leu-TAA-1-1;tRNA-Pro-TGG-2-1
b9a08581-f717-460f-9739-f15e080ce761,tRNA-Asn-GTT-2-1;tRNA-Lys-TTT-1-1
b7dc2812-76bf-4e78-8852-6ac873a8d069,tRNA-Leu-AAG-1-1;tRNA-Tyr-GTA-1-1
d1470b1d-9c69-48c6-8a40-f4ddc76eeb93,tRNA-Gly-GCC-1-1;tRNA-Thr-CGT-1-1
d0931f3d-6779-4158-9938-63a02995ba03,tRNA-Gly-TCC-2-1;tRNA-Val-TAC-1-1
c2b8fa88-9bf5-40df-a144-0b92bf1dd00a,tRNA-Ala-AGC-1-1;tRNA-Arg-TCG-1-1
eb923119-3a77-425d-aedd-954025c61872,tRNA-Ala-TGC-1-1;tRNA-Arg-ACG-1-1
0def7c16-6a41-4a04-ab69-b353ec59d12a,tRNA-Ser-AGA-1-1;tRNA-Trp-CCA-1-1
17d280b7-85f4-4890-8499-eb42fda22ddc,tRNA-His-GTG-1-1;tRNA-Ser-CGA-1-1
067fb605-b960-4546-b333-5f5bc436cce7,tRNA-Ala-CGC-1-1;tRNA-Arg-ACG-1-1
3f88e88a-6af9-4156-bfb0-06ad524b07ee,tRNA-Asp-GTC-1-1;tRNA-Tyr-GTA-1-1
08b4fd71-5fa2-41b2-8541-d450e043f8a2,tRNA-His-GTG-1-1;tRNA-Ser-TGA-2-1
19e2d8c3-fa74-4ade-8f93-7cfe87162f53,tRNA-Glu-TTC-1-1;tRNA-Val-CAC-1-1
3c4a2a08-cdc1-4112-812b-d20bdf21719a,tRNA-Ala-CGC-1-1;tRNA-Gly-CCC-1-1
aa162f3b-f8d0-4d43-baa2-d488ed1c9480,tRNA-Cys-GCA-1-1;tRNA-Lys-TTT-1-1
99bdfd50-b396-4f1c-b5a3-848f977eb85f,tRNA-Tyr-GTA-1-1;tRNA-Val-TAC-1-1
abe62dde-40f0-4193-a33c-92699340f8ac,tRNA-Arg-ACG-1-1;tRNA-Gly-CCC-1-1
7d4e7a76-1f14-45f1-b2e9-fe208cbd15a3,tRNA-Ile-AAT-1-1;tRNA-Met-CAT-1-1
543d159c-a017-40eb-afb7-aa7bb85e6e82,tRNA-Ala-CGC-1-1;tRNA-Ile-TAT-1-1
a77b7cf2-5f6d-4b30-b647-6ce0f405c9b3,tRNA-His-GTG-1-1;tRNA-Tyr-GTA-1-1
c9a1bafa-4073-4f46-b7b5-e998ee761a86,tRNA-Gly-CCC-1-1;tRNA-Val-TAC-1-1
a69862b8-7413-4e6c-ad48-c883377636cc,tRNA-Leu-TAG-1-1;tRNA-Ser-TGA-2-1
c4c56b41-8869-45a0-bb3c-982fb0c7193e,tRNA-Arg-TCG-1-1;tRNA-Pro-CGG-1-1
e900d385-d5a0-4e22-9d2c-a7261188d1fc,tRNA-Ile-AAT-1-1;tRNA-Pro-CGG-1-1
fcb77089-bb5f-4480-aa24-c6a6b290c195,tRNA-Arg-TCG-1-1;tRNA-Trp-CCA-1-1
0799d79a-5325-45ce-b2ab-e84cfde73f47,tRNA-Thr-TGT-2-1;tRNA-Val-TAC-1-1
7b42280d-fb38-4476-81f9-7e52598a15c8,tRNA-Leu-TAA-1-1;tRNA-Ser-AGA-1-1
4ed78b00-b3f8-4828-a5b1-5d7750e0567e,tRNA-Glu-CTC-1-1;tRNA-Ser-GCT-1-1
87edf540-7025-4a62-9d92-b7dce0a5198c,tRNA-Asp-GTC-1-1;tRNA-Gly-TCC-2-1
8fd86cd3-4c66-4650-8886-c055445c02ae,tRNA-Gly-GCC-1-1;tRNA-Val-TAC-1-1
a168bb4f-4bb2-4eab-8f90-5b373d3c8eee,tRNA-Gly-CCC-1-1;tRNA-Thr-CGT-1-1
d8c0738f-4e35-484b-9d8f-e596d5796ca9,tRNA-Arg-ACG-1-1;tRNA-Pro-TGG-2-1
de0dafef-c96f-4b3c-bd78-283781fce5e5,tRNA-Asn-GTT-2-1;tRNA-Tyr-GTA-2-1
d1b8d475-3f60-4be9-b45d-726cc5e33145,tRNA-Cys-GCA-1-1;tRNA-Val-CAC-1-1
cee33737-c273-407a-bf7d-48a557d41c26,tRNA-Pro-TGG-2-1;tRNA-Tyr-GTA-1-1
ecf10dbd-fc08-464d-b739-5f7abe561172,tRNA-Asp-GTC-1-1;tRNA-Lys-TTT-1-1
cd5f60ec-4da6-4ddf-b30e-896b48e56fb3,tRNA-Arg-TCT-2-1;tRNA-Pro-TGG-2-1
f15c1a55-1b26-47e1-8c11-a3695fbbb014,tRNA-Arg-TCG-1-1;tRNA-Lys-TTT-1-1
141aaac3-3fd2-434c-8fdf-ad10b68fcdb1,tRNA-Leu-TAA-1-1;tRNA-Thr-TGT-2-1
0ca789ce-d6ca-4c31-8cf6-6823b29dfd2a,tRNA-Gly-CCC-1-1;tRNA-Ile-TAT-1-1
3008e340-ea8c-4ea4-8937-7a189bafbb23,tRNA-Tyr-GTA-2-1;tRNA-Val-TAC-1-1
26303ac7-3489-4c5d-b1e4-39413e5c165e,tRNA-Gly-CCC-1-1;tRNA-Leu-AAG-1-1
6de11eda-9690-4b26-9b66-50531471ca12,tRNA-Thr-CGT-1-1;tRNA-Tyr-GTA-1-1
8034efe1-3a42-4236-8845-15ee6c34a5b2,tRNA-Ser-CGA-1-1;tRNA-Thr-CGT-1-1
e120a780-905a-42c7-b269-ff955aa771eb,tRNA-Asn-GTT-2-1;tRNA-Asp-GTC-1-1
be624e40-df2c-401f-80eb-259e3850a556,tRNA-Gly-CCC-1-1;tRNA-Thr-CGT-1-1
e0763266-50a2-4e80-9ac2-7319fe68019e,tRNA-Ile-TAT-1-1;tRNA-Met-CAT-1-1
43734940-0546-4e8c-b2d9-a343912df50d,tRNA-Glu-CTC-1-1;tRNA-Ile-AAT-1-1
4dfa2fb3-a19a-4209-b587-0e9dfd7dd9d4,tRNA-Gly-TCC-2-1;tRNA-iMet-CAT-1-1
4e741d4b-2898-4533-8a5a-b5ecaca44909,tRNA-Leu-TAG-1-1;tRNA-Tyr-GTA-1-1
abc29887-8d34-4db7-8cc5-f655c5a26b3c,tRNA-Asn-GTT-2-1;tRNA-Met-CAT-1-1
9ffd7d6d-3213-485d-91db-d350e6f57282,tRNA-Leu-TAG-1-1;tRNA-Val-AAC-1-1
9f303438-0050-4487-86eb-f4da5aa857a6,tRNA-Arg-TCG-1-1;tRNA-Thr-TGT-2-1
7c8cfcfc-c2db-44c7-82ae-a36566bdd361,tRNA-Arg-CCG-1-1;tRNA-Pro-TGG-2-1
7404a9c1-82a9-45b5-98a3-e59dd4d4c97c,tRNA-Met-CAT-1-1;tRNA-Ser-GCT-1-1
f59901ca-cae9-4e3f-b9e6-17e7ea34578b,tRNA-Ala-TGC-1-1;tRNA-iMet-CAT-1-1
22d1e54a-746e-45b7-bb3f-ceb62a941bab,tRNA-His-GTG-1-1;tRNA-Met-CAT-1-1;tRNA-Pro-TGG-2-1
bae1a7ce-6b98-4414-b42a-b6e812a172ec,tRNA-Glu-CTC-1-1;tRNA-Val-AAC-1-1
c34dfb0e-86d3-41b4-9860-becb819171ca,tRNA-Arg-TCT-2-1;tRNA-Asp-GTC-1-1
dc2cbb4a-9f51-4b63-9852-b84f8c13a18d,tRNA-Arg-ACG-1-1;tRNA-Glu-CTC-1-1
feef2eb5-fa40-4bcf-a897-467c6a12e3d2,tRNA-Met-CAT-1-1;tRNA-Val-TAC-1-1
ef963bf9-76a2-48a8-90c3-d4f8e7de5cad,tRNA-Ala-CGC-1-1;tRNA-Lys-TTT-1-1
0ef264c1-3a7e-42cf-93e7-261899dd40f5,tRNA-Ile-AAT-1-1;tRNA-Pro-CGG-1-1
0a865812-6841-42ac-8225-3b565702106a,tRNA-Lys-TTT-1-1;tRNA-Thr-CGT-1-1
0f8ea2d4-5ee8-473f-a83a-c029770b95a0,tRNA-Ser-TGA-1-1;tRNA-Val-TAC-1-1
2d074917-7df7-4d64-8a82-e528d49e257b,tRNA-Thr-CGT-1-1;tRNA-Val-AAC-1-1
5afbee45-bdea-4c71-9aa1-6b4fbc58e98e,tRNA-Gly-TCC-2-1;tRNA-Lys-TTT-1-1
5c5ff52d-65fe-4857-a80b-7fd6525eaa9f,tRNA-Arg-ACG-1-1;tRNA-Ile-AAT-1-1
98ca459f-5c33-4e8f-85e3-02fe573f4e1a,tRNA-Glu-TTC-1-1;tRNA-Gly-CCC-1-1
9f35c38c-b16e-431c-96df-20a021374b5b,tRNA-Gly-CCC-1-1;tRNA-Met-CAT-1-1
869fea2e-6157-4a59-8e15-4446f068bda6,tRNA-Ile-TAT-1-1;tRNA-Pro-CGG-1-1;tRNA-Pro-TGG-2-1
801b9989-c530-4d26-b6d1-3b8105c96769,tRNA-Cys-GCA-1-1;tRNA-Glu-TTC-1-1
ad77523e-6583-4ebe-9044-926f618ea294,tRNA-Ala-TGC-1-1;tRNA-Ser-TGA-2-1
af8a5757-bbff-4fa5-8c0a-213962d0898e,tRNA-Ala-CGC-1-1_intron;tRNA-His-GTG-1-1
c9fd9b13-d5a1-40e3-bf87-047edb87cc2d,tRNA-Gly-CCC-1-1;tRNA-Leu-CAA-1-1
ce5e53ed-37da-4950-a1de-1ec39beee2b3,tRNA-Glu-TTC-1-1;tRNA-Pro-TGG-2-1
fd122953-78a4-49a7-8d53-a9276c9fd08e,tRNA-Lys-TTT-1-1;tRNA-Val-CAC-1-1
113108e5-7fff-4dcf-a57f-51d50d45e4a0,tRNA-Ala-CGC-1-1;tRNA-Trp-CCA-1-1
f18c4f60-3bdd-4398-9bf2-395824522406,tRNA-Ala-CGC-1-1;tRNA-Tyr-GTA-1-1
03c32f14-6427-45fd-9456-208c990c3507,tRNA-Asn-GTT-2-1;tRNA-Val-TAC-1-1
127d4fff-e975-4e73-9c8b-afca18db1772,tRNA-Ala-AGC-1-1;tRNA-Glu-TTC-1-1
31676977-d0e5-4030-aaba-a619e14788c4,tRNA-Pro-AGG-1-1;tRNA-Thr-CGT-1-1
34b28792-5f55-4403-8a11-602094146f09,tRNA-Gly-CCC-1-1;tRNA-Ser-AGA-1-1
54630537-42fe-4899-89b2-bb6e8243dd81,tRNA-Cys-GCA-1-1;tRNA-His-GTG-1-1
6d350586-eafe-4236-8b79-c7e676919bd2,tRNA-Ala-TGC-1-1;tRNA-His-GTG-1-1
596660ba-6f8f-4919-b9b1-081478d6b8b9,tRNA-Arg-TCT-2-1;tRNA-Leu-TAG-1-1
94dd54e7-6ddc-4b9b-b965-5dd4cd5cc3ae,tRNA-Ala-AGC-1-1;tRNA-Leu-AAG-1-1
b0b35dc0-3372-4b9c-a8a0-46034ea27c19,tRNA-Ile-AAT-1-1;tRNA-Tyr-GTA-1-1
7fc00135-5b3b-4909-acbe-7229c2b2a510,tRNA-Pro-TGG-2-1;tRNA-Tyr-GTA-1-1
8c1ac051-b099-424c-96f1-b18ae50d9dde,tRNA-Pro-TGG-2-1;tRNA-Val-TAC-1-1
b9aa7e58-90f7-4fcb-b5ff-0233e5da2da6,tRNA-Ala-TGC-1-1;tRNA-Gly-TCC-2-1
ba61386b-3fbc-4e2c-b7bf-9ed4f29ae719,tRNA-Arg-ACG-1-1;tRNA-Lys-TTT-1-1
b48032e6-4c5b-4c52-9e3f-5f2c5237a8cc,tRNA-Glu-TTC-1-1;tRNA-Met-CAT-1-1
d73a6210-85e7-45dc-b7dd-fb63c8f25999,tRNA-Leu-CAG-1-1;tRNA-Ser-AGA-1-1
da7b1523-8515-4ae3-8c19-0f6038643e68,tRNA-Gly-CCC-1-1;tRNA-Val-CAC-1-1
fa40674c-2bbb-46a0-a029-1d235f7969cd,tRNA-Leu-CAG-1-1;tRNA-Tyr-GTA-1-1
12a81669-cc20-4427-9598-e3ed33c0b24a,tRNA-Arg-CCT-1-1;tRNA-Ser-GCT-1-1
f1a47378-82a4-467b-8e6e-7f43ffc4205b,tRNA-Ala-TGC-1-1;tRNA-Pro-TGG-2-1
0100085c-93f8-4182-8eb4-37b5aa66a792,tRNA-Thr-TGT-2-1;tRNA-Val-CAC-1-1
1ca6804f-2db0-41f7-bbff-d469b3539044,tRNA-Asn-GTT-1-1;tRNA-Asp-GTC-1-1
3a9e198e-739a-4863-b8b5-59dcf8c2930b,tRNA-Phe-GAA-1-1;tRNA-Trp-CCA-1-1
72387627-4d5b-40d3-b24a-2ac89e95ec29,tRNA-Ala-CGC-1-1;tRNA-Ser-CGA-1-1
c96b2b7d-943d-46a7-a9a6-6966344d90af,tRNA-Glu-TTC-1-1;tRNA-Ser-AGA-1-1
cc1fd9df-b670-41ff-9509-54df6ae7a59e,tRNA-His-GTG-1-1;tRNA-Met-CAT-1-1
e3bfbf91-7950-4791-a4f9-85c0b714528b,tRNA-Ala-AGC-1-1;tRNA-Pro-AGG-1-1
cbe227f2-be5d-493e-b1ea-facea1503144,tRNA-Lys-TTT-1-1;tRNA-Met-CAT-1-1
fa252b7a-b565-4f0a-aaa7-8d4c0ef2dd4b,tRNA-Asp-GTC-1-1;tRNA-Thr-CGT-1-1
034db727-7dad-4997-9b89-a6271f33d8ba,tRNA-Asn-GTT-2-1;tRNA-Leu-TAG-1-1
17445a8a-1beb-45f9-b55b-efae9918ce7b,tRNA-Ile-TAT-1-1;tRNA-Val-TAC-1-1
21cdb7b5-2865-464c-9486-656e67792996,tRNA-Arg-TCT-2-1;tRNA-Ile-TAT-1-1
13ac1105-9aea-4aae-887d-ee85a125ae80,tRNA-Pro-TGG-2-1;tRNA-Val-AAC-1-1
2685853d-0b05-471c-8bb2-ace36c55733f,tRNA-Asn-GTT-2-1;tRNA-Val-TAC-1-1
23eeb7cd-a2b9-4ecb-ad2b-336c98784eb4,tRNA-Lys-TTT-1-1;tRNA-Thr-CGT-1-1
5d3c05bd-a50e-42df-aeb8-22844b96b30b,tRNA-Ser-AGA-1-1;tRNA-Val-TAC-1-1
7a8e53e3-3c5b-4196-8a04-061aeebada40,tRNA-Glu-CTC-1-1;tRNA-Ile-TAT-1-1
7dd081c6-784d-4b43-be6a-f684286f65b8,tRNA-Ala-AGC-1-1;tRNA-Trp-CCA-1-1
80e19eac-0168-46e8-95a7-ac8da423f147,tRNA-Gly-GCC-1-1;tRNA-Pro-TGG-2-1
85b6c8f4-754a-4353-ac70-22399ea11499,tRNA-Ile-TAT-1-1;tRNA-Thr-TGT-2-1
83fa748d-846b-4440-8330-27cd8e96cf41,tRNA-Leu-TAG-1-1;tRNA-Thr-CGT-1-1
852d74eb-598c-4af1-8d14-06569b97d637,tRNA-Leu-CAA-1-1;tRNA-Pro-TGG-2-1
df4c0eac-763b-44c7-bde8-f06d10674f59,tRNA-Arg-TCT-2-1;tRNA-Pro-TGG-2-1
f1338a06-13a8-42da-bcc8-0547d0171830,tRNA-Arg-TCG-1-1;tRNA-Thr-TGT-2-1
e4f0198d-0a71-41da-b5a8-3dc1c5afc435,tRNA-Gly-CCC-1-1;tRNA-Leu-CAA-1-1
ff8a5c35-0a78-4068-9360-12f5668d992f,tRNA-Arg-ACG-1-1;tRNA-Thr-CGT-1-1
ed04b961-18b7-42ba-adab-06a5cf41a046,tRNA-Leu-AAG-1-1;tRNA-Tyr-GTA-1-1
f6c9629c-1be4-496a-a59b-f0f999b3c16d,tRNA-Thr-CGT-1-1;tRNA-Val-TAC-1-1
0e7fd550-4772-4611-b909-6082261ab0ed,tRNA-Ala-AGC-1-1;tRNA-Ile-TAT-1-1
085f0847-e19c-4ad2-b440-bd04531846dc,tRNA-Ile-AAT-1-1;tRNA-Pro-TGG-2-1
0d72cbd9-3685-4349-9ad5-33cba93f724c,tRNA-Ala-TGC-1-1;tRNA-Arg-CCG-1-1
1c6105db-751f-4883-aed9-6805bee639b4,tRNA-Gly-CCC-1-1;tRNA-Pro-TGG-2-1
649a89e5-6e30-47a3-a1e9-62c01add1f98,tRNA-Glu-TTC-1-1;tRNA-Ser-AGA-1-1
855ed090-2688-4574-972e-95f36c03b9e8,tRNA-Gly-CCC-1-1;tRNA-iMet-CAT-1-1
d7b1d0c5-1094-4968-a763-fd9493fa3344,tRNA-Asn-GTT-2-1;tRNA-Gly-TCC-2-1
f1783804-ba76-4632-9961-646a5f88c670,tRNA-Asn-GTT-1-1;tRNA-Tyr-GTA-1-1
096be120-db24-4cb5-9418-0c139ca0832a,tRNA-His-GTG-1-1;tRNA-Val-TAC-1-1
00a17dc8-3d53-481d-b14a-17f37f865cc1,tRNA-Thr-TGT-2-1;tRNA-Val-AAC-1-1
2e8b9591-eac5-42b5-9f7c-831d40a5e202,tRNA-Glu-CTC-1-1;tRNA-Val-TAC-1-1
6647cf91-7314-476e-945a-4e5abfd32ce8,tRNA-Arg-TCT-2-1;tRNA-Pro-AGG-1-1
7e64a1b6-7796-45ad-b360-9e8bac75a665,tRNA-Met-CAT-1-1;tRNA-Val-TAC-1-1
757539c7-5191-4a2f-9887-c78b8908da98,tRNA-His-GTG-1-1;tRNA-Val-CAC-1-1
a0909a0b-d974-42fb-ad8d-5d54d271a0bb,tRNA-Ala-CGC-1-1;tRNA-Arg-TCT-2-1
ebaee1e5-0a0c-447d-845a-d795d670b75f,tRNA-Asp-GTC-1-1;tRNA-Thr-TGT-2-1;tRNA-Val-AAC-1-1
f4010be2-892a-43da-ac58-afd1583e941c,tRNA-His-GTG-1-1;tRNA-Thr-CGT-1-1
1334ed1a-adab-4131-b6b7-8c05a398f830,tRNA-Arg-TCT-2-1;tRNA-Leu-CAG-1-1
121795da-1157-4100-9ead-50a9e85c2cc4,tRNA-Arg-CCG-1-1;tRNA-Asp-GTC-1-1
1f2a65d9-10d2-4732-a2ac-ca6aa159eaab,tRNA-Gly-CCC-1-1;tRNA-Val-AAC-1-1
0f2a1ef1-a204-43a6-b201-c85463c0b039,tRNA-Pro-TGG-2-1;tRNA-Ser-AGA-1-1
3eb7c905-58d1-4495-9832-e3815ae0064a,tRNA-Ala-TGC-1-1;tRNA-Tyr-GTA-1-1
32ff9635-2cac-4d37-8ed9-4e4bc5437f07,tRNA-Pro-AGG-1-1;tRNA-Ser-AGA-1-1
4ff0b4a6-19ae-42a5-9777-bcc8cd985113,tRNA-Gly-CCC-1-1;tRNA-Val-AAC-1-1;tRNA-Val-CAC-1-1
809d960d-3ba4-43ac-a901-540603c68170,tRNA-Ala-TGC-1-1;tRNA-Glu-TTC-1-1
78b3ccd1-b3ef-4823-a629-387653092f02,tRNA-Arg-TCG-1-1;tRNA-Pro-TGG-2-1
7683e2fe-966f-408a-be4b-345f75077d58,tRNA-Ile-AAT-1-1;tRNA-Ser-AGA-1-1
91e4aaa4-b205-4e62-873f-93501c494b0c,tRNA-Cys-GCA-1-1;tRNA-His-GTG-1-1
ba35292a-918b-44c4-91a5-75c8d6b106ba,tRNA-Arg-CCT-1-1;tRNA-Val-CAC-1-1
d5e1aa64-0d8d-4875-b88d-f398d2b0a2be,tRNA-Gly-TCC-2-1;tRNA-Leu-TAG-1-1
f94aec27-4187-4590-9072-9415c05cfcb2,tRNA-Arg-CCG-1-1;tRNA-Tyr-GTA-1-1
f0bd2231-65b4-4636-9862-2e4d4cf9dabe,tRNA-Gly-TCC-2-1;tRNA-Pro-TGG-2-1
0da7f14a-28aa-4614-93b4-eebac755e419,tRNA-Tyr-GTA-1-1;tRNA-Val-AAC-1-1
132fa7e9-b3e0-4790-bc4f-24d21be39c60,tRNA-Leu-CAA-1-1;tRNA-Pro-CGG-1-1
1da89afe-d943-490e-bec2-af5597c85e59,tRNA-His-GTG-1-1;tRNA-Leu-CAA-1-1
3c81737d-7fb0-4ecc-8d83-adb2b66956c2,tRNA-Leu-AAG-1-1;tRNA-Trp-CCA-1-1
5cbf84ef-c68d-4928-aab9-3442461370ba,tRNA-Ser-GCT-1-1;tRNA-Tyr-GTA-2-1
3a97e677-c9ae-4d23-9f0d-03a1b257915c,tRNA-Ala-CGC-1-1;tRNA-Gly-CCC-1-1
6fe6c1fe-957b-4a4d-8d52-0cebb36c92c6,tRNA-Arg-ACG-1-1;tRNA-Asn-GTT-2-1;tRNA-Thr-TGT-2-1;tRNA-Val-TAC-1-1
7b040690-1a23-4aa6-b3e7-325b095961ba,tRNA-Arg-TCG-1-1;tRNA-Val-AAC-1-1
7b61909b-0421-4086-a49c-153c0c78b8f5,tRNA-Arg-ACG-1-1;tRNA-Ser-AGA-1-1
8b3951b1-58bb-46d6-9bf1-ebabd9001236,tRNA-Ser-CGA-1-1;tRNA-Thr-CGT-1-1
50398a75-b43b-431b-955d-e8fb22380824,tRNA-Asn-GTT-2-1;tRNA-Gly-CCC-1-1
99bdda8f-6f26-47a9-b1e4-db607b6ff716,tRNA-Met-CAT-1-1;tRNA-Ser-GCT-1-1
8a9c21fa-9102-4b6a-8012-641dfb251d0a,tRNA-Asn-GTT-2-1;tRNA-Ser-GCT-1-1
aa8b2c2a-76c3-4d86-88fd-81150752c04a,tRNA-Arg-TCT-2-1;tRNA-Thr-TGT-2-1
974c0139-5cf9-423e-b7f0-42f4b347b1af,tRNA-Gly-TCC-3-1;tRNA-Ile-TAT-1-1
86f0a15e-3848-4bc1-875b-842d5bfd5334,tRNA-Ala-CGC-1-1;tRNA-Arg-TCT-2-1
96964ad1-2212-4bd9-86c8-c254ec8558c6,tRNA-Gly-CCC-1-1;tRNA-Ser-AGA-1-1
ac7a4410-3691-4633-9f4f-5f55169a610e,tRNA-Ser-CGA-1-1;tRNA-Val-TAC-1-1
acace821-488f-4e3a-884f-ccc2c12121f0,tRNA-Asn-GTT-2-1;tRNA-Gly-CCC-1-1
d649e01a-7be9-4bd8-9ad4-cd0ffc559674,tRNA-Pro-TGG-2-1;tRNA-Val-AAC-1-1
f4e3f514-15a8-4927-b2df-5a097cb0e2fe,tRNA-Arg-TCG-1-1;tRNA-Asp-GTC-1-1
eae7e566-6c79-4ede-90b5-d155d6854861,tRNA-Asp-GTC-1-1;tRNA-His-GTG-1-1
1d4dd893-645f-4395-b9a5-946ae7d00718,tRNA-Ile-TAT-1-1;tRNA-Met-CAT-1-1
4737473f-a90c-49c9-bb3c-7c57fee6a663,tRNA-Glu-CTC-1-1;tRNA-Lys-TTT-1-1
c58b07e7-9dc7-4cd2-af06-c3601e747c1c,tRNA-Arg-ACG-1-1;tRNA-Leu-TAA-1-1
c715f849-e4ef-4fc0-8c81-94d3a0fc8a65,tRNA-Gly-TCC-2-1;tRNA-Val-TAC-1-1
f3855b0b-1048-428f-ad10-020c8b28004e,tRNA-Ile-AAT-1-1;tRNA-Val-AAC-1-1
1abc849c-ce4c-4f83-ad12-62ad539c085c,tRNA-Ile-TAT-1-1;tRNA-Pro-CGG-1-1
2f62b257-0ccc-4b9c-b38c-6f27587dd1df,tRNA-Leu-CAG-1-1;tRNA-Thr-CGT-1-1
62a14d5e-66a9-4ecc-8d38-fde768751144,tRNA-Ser-CGA-1-1;tRNA-Tyr-GTA-1-1
60f6f7ea-442c-4ab5-88bc-201255e7b242,tRNA-Glu-TTC-1-1;tRNA-Tyr-GTA-1-1
76ce5957-5fe1-47c0-b672-8c629030ea81,tRNA-Ala-AGC-1-1;tRNA-Val-AAC-1-1
6b3857be-5032-4eae-9324-63d5527964e8,tRNA-Ala-CGC-1-1;tRNA-Pro-TGG-2-1
6fc202d6-f7bd-41f6-bbaa-263d73dcc47f,tRNA-Pro-TGG-2-1;tRNA-Tyr-GTA-1-1
99937bd9-fb49-4990-8bb3-4a229ccc3230,tRNA-His-GTG-1-1;tRNA-Leu-CAG-1-1
b76c3379-f8f4-4293-95d8-2bc6b9fc85d8,tRNA-Arg-ACG-1-1;tRNA-Phe-GAA-1-1
a43f9bad-3103-4cd4-bc9b-650b714d92e9,tRNA-Leu-TAA-1-1;tRNA-Ser-CGA-1-1
d334f91a-5696-490c-941f-0d1fb4d42a97,tRNA-Glu-TTC-1-1;tRNA-Val-TAC-1-1
c6dcff89-67c4-4a1b-b104-5e528266dadd,tRNA-Asn-GTT-2-1;tRNA-Lys-CTT-1-1
f83a89b2-7d0c-4709-ac9d-1a4ee3d45da1,tRNA-Ala-CGC-1-1;tRNA-Val-CAC-1-1
e1fb69a0-f67a-4eb9-8a99-14c11bc84332,tRNA-Ala-TGC-1-1;tRNA-Val-CAC-1-1
017ca6b6-0019-4421-a172-afda530dcc07,tRNA-Ala-CGC-1-1_intron;tRNA-Glu-CTC-1-1
e29880a8-c2c3-42ee-8398-f783e7bd184d,tRNA-Leu-AAG-1-1;tRNA-Thr-TGT-2-1
36bc8896-d5d2-4eaa-b76e-cadab02bb123,tRNA-Arg-CCG-1-1;tRNA-His-GTG-1-1
3af7412d-595a-4c40-8060-0cc24a62f443,tRNA-Asp-GTC-1-1;tRNA-Val-TAC-1-1
2113124d-983b-41dc-924f-d5cb388a3625,tRNA-Ala-TGC-1-1;tRNA-Lys-TTT-1-1
1bdd44ca-3b9b-4c92-9433-2e09e84bd095,tRNA-Phe-GAA-1-1;tRNA-Ser-TGA-2-1
5a0e8047-0378-482d-bb1b-3c24981e0272,tRNA-Lys-TTT-1-1;tRNA-Pro-TGG-2-1
6813c202-c7d8-4b79-b1df-5b80fb24d22a,tRNA-Asn-GTT-2-1;tRNA-Val-CAC-1-1
33adabd9-be62-445b-bfa8-6c816e6966cd,tRNA-Pro-TGG-2-1;tRNA-Thr-CGT-1-1
984cdd5b-34de-4b21-91ba-9eaf41d94912,tRNA-Ala-CGC-1-1;tRNA-Lys-TTT-1-1
edf951d2-a233-4082-bbd0-5dc54a96e570,tRNA-Ile-TAT-1-1;tRNA-Thr-CGT-1-1
f7c1a503-05c1-4789-8b45-fee422b23876,tRNA-Gly-CCC-1-1;tRNA-Thr-TGT-2-1
e741617c-fbed-48ae-9152-160aa71ebfb1,tRNA-Arg-TCG-1-1;tRNA-Lys-CTT-1-1
facb12e8-8585-4a60-be43-afc3025868d5,tRNA-Arg-TCG-1-1;tRNA-Val-AAC-1-1
ea77c3c4-c82b-44d6-a65d-7dfe6abb778a,tRNA-Arg-CCT-1-1;tRNA-Ile-TAT-1-1
2cdf89eb-d444-4738-a742-89daef09f549,tRNA-Glu-CTC-1-1;tRNA-Pro-CGG-1-1
293344ef-a52a-459d-bdd7-440527103940,tRNA-Ala-CGC-1-1;tRNA-Gly-CCC-1-1
4d2a56b3-2fe7-4106-a5b0-71d574328e1f,tRNA-Pro-TGG-2-1;tRNA-Ser-CGA-1-1
54b47c3f-6e83-405b-86ed-9e7b97e1aad8,tRNA-Arg-CCG-1-1;tRNA-Pro-TGG-2-1
7ea26a07-7a9d-43bf-a8fc-e35cdc0a3d1b,tRNA-Arg-ACG-1-1;tRNA-Asn-GTT-2-1
58ed7f13-61eb-479e-ba59-8bf84fda92e3,tRNA-Met-CAT-1-1;tRNA-Val-CAC-1-1
64821b98-a031-43c2-ab5b-a1f99cffed66,tRNA-Arg-TCT-2-1;tRNA-His-GTG-1-1
6d6ad270-d11b-4c40-a5e8-3bfab26d91bd,tRNA-His-GTG-1-1;tRNA-Ser-TGA-2-1
6d54ffb9-7d10-41bd-96e1-944a8a1503ca,tRNA-Glu-TTC-1-1;tRNA-Val-TAC-1-1
70b6a659-1628-4bed-9968-10e178ef570f,tRNA-Ala-TGC-1-1;tRNA-Tyr-GTA-1-1
8959b320-952a-4596-8215-4458e9793ac6,tRNA-Arg-TCG-1-1;tRNA-Lys-TTT-1-1
ca5f0583-dce9-41b5-a43f-30792bb1283a,tRNA-Lys-TTT-2-1;tRNA-Ser-TGA-2-1
9ced5943-55f2-4ffa-a2d4-cf2ddc71b008,tRNA-Ile-TAT-1-1;tRNA-Pro-AGG-1-1
e75ee20a-38cb-47ef-a27b-eb2d87cb6b36,tRNA-Glu-TTC-1-1;tRNA-Ile-AAT-1-1
fcbcd6ea-4e40-46a2-aa73-1a9b7f7b7b27,tRNA-Gly-TCC-2-1;tRNA-Val-TAC-1-1
1f4e000c-46b2-42fe-8f21-9adab15ca567,tRNA-His-GTG-1-1;tRNA-Lys-TTT-1-1
e4013680-6f05-44de-acc9-6c08fb6171aa,tRNA-Ala-TGC-1-1;tRNA-Gly-CCC-1-1
0de6b4fe-498b-4f0a-90a2-aa56613761e9,tRNA-Ala-AGC-1-1;tRNA-Val-TAC-1-1
22790c63-6b78-4c0e-b111-04661e0003ed,tRNA-Arg-TCT-2-1;tRNA-Leu-AAG-1-1
19664e3e-ea85-4eae-96e9-1eb9be4ee88d,tRNA-Pro-TGG-2-1;tRNA-Trp-CCA-1-1
5d93d5c3-ca51-433b-982b-703fb0122b68,tRNA-Arg-TCT-2-1;tRNA-Thr-CGT-1-1
4a38b1a4-426b-4554-92e2-b5463b26d8f5,tRNA-Pro-AGG-1-1;tRNA-Thr-TGT-2-1
799fa7bc-2920-47d3-b4e5-f1c149f8b606,tRNA-Gly-CCC-1-1;tRNA-Ile-AAT-1-1
76b8b414-e1d4-4418-b349-581d16a9a6da,tRNA-Arg-CCT-1-1;tRNA-Gly-GCC-1-1
597ac923-1f0b-42ce-b609-27772bccf959,tRNA-Pro-CGG-1-1;tRNA-Thr-TGT-2-1
7fe940b9-6e05-4715-8fe4-0afd6bc96832,tRNA-Trp-CCA-1-1;tRNA-Val-TAC-1-1
6d462c85-3784-4a25-b7da-ac8baa628e63,tRNA-Leu-AAG-1-1;tRNA-Val-TAC-1-1
e2c9c2bb-a443-484c-8cde-3377c7d90d08,tRNA-Ala-TGC-1-1;tRNA-Glu-CTC-1-1
b4538928-ccea-42c5-9669-c8a78091a94e,tRNA-Ala-TGC-1-1;tRNA-Asn-GTT-2-1
04fd22c8-5c22-42f7-9264-95f330ead7e1,tRNA-Pro-CGG-1-1;tRNA-Thr-CGT-1-1
13b998f2-af81-42c9-ac35-a61c374f944b,tRNA-Ala-CGC-1-1;tRNA-Thr-TGT-2-1
d8dc00a6-d510-4ef5-8985-3141a3d5bdc6,tRNA-Glu-TTC-1-1;tRNA-Leu-TAG-1-1
f002b482-f321-4d08-8b7e-dc828c00bc78,tRNA-Thr-TGT-2-1;tRNA-Tyr-GTA-1-1
f8ea3325-f607-4edc-8eeb-8fa4fe6ccef5,tRNA-Ala-TGC-1-1;tRNA-Thr-CGT-1-1
49eae5e3-ae37-4b67-af75-1dc7dfe65bcf,tRNA-Asp-GTC-1-1;tRNA-Thr-CGT-1-1
31fbcee1-cd8d-4ba3-9939-c4c5b2e7c58b,tRNA-Met-CAT-1-1;tRNA-Pro-TGG-2-1
4a4edde2-9be4-4bd8-a0ec-8b8e059f8b84,tRNA-Glu-CTC-1-1;tRNA-Tyr-GTA-1-1
2e889eb3-6ab5-44a6-a994-86dd374ab097,tRNA-Leu-TAG-1-1;tRNA-Val-AAC-1-1
76fd09e3-676f-4cc7-801b-81093f8f0c08,tRNA-Lys-TTT-1-1;tRNA-Thr-CGT-1-1
bc353b3a-5ca6-47a5-8984-9034b38ee690,tRNA-Ile-TAT-1-1;tRNA-Thr-CGT-1-1
ac548054-8364-4ee2-9d9c-a7e787a92111,tRNA-Arg-CCT-1-1;tRNA-Val-CAC-1-1
dbfaccc9-691b-4d7b-a4a9-6127c69e6577,tRNA-Arg-TCG-1-1;tRNA-Glu-CTC-1-1
cc3f241b-f3eb-4d4f-b773-1b38887049c2,tRNA-Gly-CCC-1-1;tRNA-Tyr-GTA-1-1
c6b7689f-6cd1-4ef3-bea9-c37406207bc3,tRNA-Leu-TAG-1-1;tRNA-Tyr-GTA-1-1
19b01243-7139-40eb-9b26-674c26390aab,tRNA-Arg-TCT-2-1;tRNA-Tyr-GTA-1-1
3cbf3fc1-99fe-435b-afd6-93eabfefba42,tRNA-Asn-GTT-1-1;tRNA-His-GTG-1-1
148493d8-12bf-45eb-bd06-1ed0d9972674,tRNA-Met-CAT-1-1;tRNA-Pro-CGG-1-1
50d5e42d-a8d6-4852-b687-42fa20192542,tRNA-Ala-AGC-1-1;tRNA-Val-AAC-1-1
5a10c340-64e7-420d-ac78-7d3196a936e4,tRNA-Arg-TCG-1-1;tRNA-Tyr-GTA-1-1
6bfaeb59-c090-400f-a7e7-9fdfe5e666e7,tRNA-Arg-ACG-1-1;tRNA-Tyr-GTA-1-1
a0780f95-b356-4876-8be4-a445e4f0c1ca,tRNA-Arg-ACG-1-1;tRNA-Asn-GTT-2-1
909aef08-8ece-460b-87d1-0e1199ac9900,tRNA-Gly-CCC-1-1;tRNA-Leu-CAA-1-1
7b8b01bb-0555-4e48-8a76-0599f57cb193,tRNA-Pro-TGG-2-1;tRNA-Trp-CCA-1-1
a9439f30-813b-467a-a02d-a5f9b545e7fd,tRNA-His-GTG-1-1;tRNA-Pro-CGG-1-1
ad896253-b980-41b6-913d-4078334fe352,tRNA-Ile-TAT-1-1;tRNA-Pro-CGG-1-1
b54b3f54-89c0-41ce-9b7e-21c93c9d35c6,tRNA-Leu-AAG-1-1;tRNA-Thr-CGT-1-1
e9b151da-f6d9-4438-b096-a21b0189e023,tRNA-Leu-TAG-1-1;tRNA-Val-TAC-1-1
7d4c6707-a066-4186-b791-b7873a21e8a7,tRNA-Ala-CGC-1-1;tRNA-Met-CAT-1-1
356a431f-f0a7-471d-8198-2b0ba9bee098,tRNA-Ala-CGC-1-1;tRNA-Val-CAC-1-1
343425b9-3c8d-4196-8181-34bcc1f6a571,tRNA-Gly-CCC-1-1;tRNA-Leu-CAG-1-1
a8101e03-b02e-45c7-acd6-3bdccc9869a7,tRNA-Gly-TCC-3-1;tRNA-Ile-TAT-1-1
ac996dba-c193-4c17-8474-a5226bcea8eb,tRNA-Asn-GTT-1-1;tRNA-Asp-GTC-1-1
b88c28c2-b9ad-4a1d-93bf-c26be7bc808d,tRNA-Glu-CTC-1-1;tRNA-Gly-TCC-2-1
ee96623e-e6f8-43f8-84c0-4fc532659e32,tRNA-Leu-AAG-1-1;tRNA-Thr-CGT-1-1
9074cfb1-3391-4c22-aac6-90ac1c3c7793,tRNA-Gly-CCC-1-1;tRNA-Val-TAC-1-1
a4b9b039-3801-4e84-ae48-9c821418b148,tRNA-Glu-TTC-1-1;tRNA-His-GTG-1-1
9c9907b1-9fe5-4dba-ad7b-36368ee186d3,tRNA-Asp-GTC-1-1;tRNA-Gly-CCC-1-1
4db7e27e-9e0d-41f2-8aaa-fafcc05651bf,tRNA-Arg-ACG-1-1;tRNA-Lys-TTT-2-1
5c5a1a2e-969f-4a61-acac-561eb25a2682,tRNA-Ala-AGC-1-1;tRNA-Thr-CGT-1-1
b4ce6407-070b-426d-a68e-f83e70cbd577,tRNA-Ala-CGC-1-1;tRNA-Pro-TGG-2-1
80d5b198-e0dc-47fd-992b-d00c6c122f53,tRNA-Pro-TGG-2-1;tRNA-Thr-CGT-1-1
a6b95fdb-c8c6-46be-bb03-80309eb3ea82,tRNA-Ala-TGC-1-1;tRNA-Pro-TGG-2-1
d5a86254-6fa9-4ee2-b995-51a7efc2a503,tRNA-Ala-CGC-1-1;tRNA-Pro-TGG-2-1
cefcb637-805f-43ec-b3a5-5034f884008d,tRNA-Arg-TCG-1-1;tRNA-Lys-TTT-1-1
f1dbea48-1c0d-4ba9-afcb-785de36df9aa,tRNA-Arg-TCT-2-1;tRNA-His-GTG-1-1
dca067e1-e813-46f1-84d8-6cb62c7701c0,tRNA-Leu-AAG-1-1;tRNA-Thr-TGT-2-1
03a55d1a-4bb9-40bf-a061-0bfb39697a72,tRNA-Ala-CGC-1-1;tRNA-Gly-CCC-1-1
44eb42a1-d647-4d3c-b80e-d30825850895,tRNA-Ser-TGA-1-1;tRNA-Val-TAC-1-1
f790310f-91ba-4d67-880f-d648d60a1819,tRNA-Glu-TTC-1-1;tRNA-Ser-CGA-1-1
53a97da1-e262-4a92-b840-28e4174b68e4,tRNA-Pro-AGG-1-1;tRNA-Thr-CGT-1-1
33bf1442-30b3-4375-91b9-e50598b8069f,tRNA-Arg-TCT-2-1;tRNA-Val-CAC-1-1
8542d8ad-5b17-4352-82a6-b8d014f34b1a,tRNA-Pro-TGG-2-1;tRNA-Val-TAC-1-1
c0e5fc18-866e-4761-95d8-29e00e360c58,tRNA-His-GTG-1-1;tRNA-Val-TAC-1-1
787fb34d-9616-42e7-bbd3-94da124bc1ad,tRNA-Arg-TCT-2-1;tRNA-Leu-TAG-1-1
76661ff4-d9ea-4dc8-995e-775bd5a9c2fa,tRNA-Gly-CCC-1-1;tRNA-Thr-TGT-2-1
e2c22ba3-b9f6-4ea4-89a5-0beb2b191bb9,tRNA-Met-CAT-1-1;tRNA-Pro-TGG-2-1
a2129250-c6e9-4942-a9e9-1909095438b6,tRNA-Ala-TGC-1-1;tRNA-Lys-TTT-1-1
a0b595eb-0821-49f9-b341-5ef192e28589,tRNA-Asp-GTC-1-1;tRNA-Pro-TGG-2-1
b544410f-fba7-47b0-8c0d-d18d1e9f0b3d,tRNA-Arg-TCT-2-1;tRNA-Pro-TGG-2-1
f07af2ea-01c7-46d8-91dc-892d36d665a0,tRNA-Ala-AGC-1-1;tRNA-Leu-TAG-1-1
f1fb9753-aa28-489e-891b-4ab68a4317f3,tRNA-Ala-CGC-1-1_intron;tRNA-Gly-GCC-1-1
d6dc284f-e000-49af-a94b-0bf6fe37bdaf,tRNA-Met-CAT-1-1;tRNA-Val-AAC-1-1
13c22d5b-7184-4a50-8230-f660b076093f,tRNA-Gly-CCC-1-1;tRNA-Ile-AAT-1-1
183cfe0d-089c-4f7a-957b-f85407837f61,tRNA-Glu-TTC-1-1;tRNA-Pro-TGG-2-1
25d7882e-d711-4a47-a2db-bdaf0476d24e,tRNA-Pro-TGG-2-1;tRNA-Thr-CGT-1-1
1006cff2-f2cd-4dfc-b628-9da5deafc067,tRNA-Glu-TTC-1-1;tRNA-Thr-TGT-2-1
503022ea-2da2-4e5f-b686-8b793ecfe73e,tRNA-Pro-TGG-2-1;tRNA-Ser-GCT-1-1
410d4748-f23a-4d06-8d81-2d8a5bcea559,tRNA-Cys-GCA-1-1;tRNA-Trp-CCA-1-1
52ab31d5-1e2a-4770-b534-293446ecd319,tRNA-Thr-CGT-1-1;tRNA-Tyr-GTA-1-1
7db94b14-b691-426a-999b-2c3d2454d223,tRNA-Arg-CCG-1-1;tRNA-Gly-TCC-2-1
60c9d819-7e33-40ff-80e6-12af24d07ed9,tRNA-Arg-TCT-2-1;tRNA-Ser-GCT-1-1
67539ee6-9d60-4142-bc7f-13bef3f55cd6,tRNA-Leu-AAG-1-1;tRNA-Pro-TGG-2-1
923c7c42-fdc8-4359-b28e-475a1fc5f6ab,tRNA-Gly-GCC-1-1;tRNA-Thr-AGT-2-1
83588005-35a6-4906-990a-e1d7470210a0,tRNA-Arg-TCG-1-1;tRNA-Ile-AAT-1-1
e1c46de5-b517-45e0-bd7c-55e392aec74c,tRNA-Ala-AGC-1-1;tRNA-Arg-CCT-1-1
aaaf2df3-f749-483f-a9fc-770204cada16,tRNA-Ala-TGC-1-1;tRNA-Thr-TGT-2-1
e801e51b-ef7f-4e02-a677-e76310f0a526,tRNA-Arg-TCG-1-1;tRNA-Tyr-GTA-1-1
c594a499-0159-4438-bbc4-5a30f85cae45,tRNA-Pro-TGG-2-1;tRNA-Trp-CCA-1-1
f600dd83-0dd1-434a-a2dd-273e13ef8c2f,tRNA-Ser-GCT-1-1;tRNA-Val-CAC-1-1
fa576fa7-6d8f-4af2-9b39-9e40b79ac79a,tRNA-Gly-CCC-1-1;tRNA-His-GTG-1-1
36e2abdb-aa39-4a2d-9c1b-25895b6ad048,tRNA-Lys-TTT-1-1;tRNA-Tyr-GTA-1-1
3b70a0bc-da68-4753-af4b-92c12abfd2ba,tRNA-Asp-GTC-1-1;tRNA-Gly-CCC-1-1
3d795e85-07d9-49dc-a298-73f32e075953,tRNA-Arg-TCT-1-1;tRNA-Met-CAT-1-1
fca61006-3269-4fee-9e24-b3a2b7be39a8,tRNA-Pro-CGG-1-1;tRNA-Thr-CGT-1-1
0aeca797-8fe2-439e-a7a8-24163f0cbe90,tRNA-Glu-TTC-1-1;tRNA-Val-CAC-1-1
502d5816-7c63-4354-a5db-0d3d1c64cb2c,tRNA-Ile-AAT-1-1;tRNA-Thr-CGT-1-1
96cac843-6b4b-4146-bd19-b8477012947f,tRNA-Thr-CGT-1-1;tRNA-Val-AAC-1-1
92fc3ae8-0471-4dbb-8463-7d6cdc17b1ba,tRNA-Arg-CCT-1-1;tRNA-Thr-TGT-2-1
6c256daf-3bcf-4724-9cfe-6b80fdda0008,tRNA-Ile-TAT-1-1;tRNA-Met-CAT-1-1
d87a7c2e-ea07-495a-b9cd-f3b663690015,tRNA-Ala-CGC-1-1;tRNA-Tyr-GTA-2-1
dcae11c5-2537-43e7-8a9c-f985082c1b3a,tRNA-Ala-AGC-1-1;tRNA-Ile-TAT-1-1
c1eb757c-3829-46ec-8fc3-d39631e1f716,tRNA-Ile-TAT-1-1;tRNA-Thr-CGT-1-1
b57cd09c-ef91-4f9e-88af-b3e91149a93e,tRNA-Ile-TAT-1-1;tRNA-Leu-TAG-1-1
f89ca5d1-e768-4a59-a07b-53fcee7fb535,tRNA-Gly-TCC-2-1;tRNA-Met-CAT-1-1
f4f88670-c837-4cf5-bb8b-763260f38032,tRNA-Arg-CCG-1-1;tRNA-Leu-TAA-1-1
1361e524-a903-4c86-9f17-ef60861463c4,tRNA-Phe-GAA-1-1;tRNA-Val-AAC-1-1
6770dcf9-009a-4b60-9499-23af43784571,tRNA-Gly-TCC-2-1;tRNA-Ser-TGA-2-1
2bd32c1f-0697-48f1-8067-969eea115fb7,tRNA-Ile-TAT-1-1;tRNA-Tyr-GTA-1-1
2fbb17b6-5d45-4d89-9875-6d779bb762ec,tRNA-Thr-TGT-2-1;tRNA-Val-TAC-1-1
1a21fbe4-eec1-465d-a432-096e8bcfdbad,tRNA-Ser-CGA-1-1;tRNA-Val-TAC-1-1
3c0c04ea-f570-482d-9609-e219e2e8ac1d,tRNA-Arg-TCG-1-1;tRNA-Pro-TGG-2-1
3362b6cd-1718-419a-b174-ff6fc6073d41,tRNA-Gly-TCC-2-1;tRNA-Lys-TTT-1-1
3f0e3945-6dcf-4be7-9083-8805bb270342,tRNA-Ala-TGC-1-1;tRNA-Lys-TTT-1-1
3e7bde87-dedc-4dc6-b99f-f44ec175d8f8,tRNA-Arg-TCG-1-1;tRNA-Val-CAC-1-1
5ed3f76c-6ef8-4ae8-8821-35ce87cc0490,tRNA-Ile-TAT-1-1;tRNA-Lys-TTT-1-1
bb4fef0b-cedc-44f0-939e-0734e85c5f4e,tRNA-Ile-TAT-1-1;tRNA-Ser-AGA-1-1
f20e6465-825a-4bb6-b9a1-68f79612dfba,tRNA-Lys-CTT-1-1;tRNA-Thr-TGT-2-1
b2396da8-960c-4569-b760-c37eb0726137,tRNA-Ile-TAT-1-1;tRNA-Pro-CGG-1-1
e8d934d0-953b-405e-aa0a-25e5605a3680,tRNA-Pro-TGG-2-1;tRNA-Tyr-GTA-2-1
cc66e8a4-785f-40cd-8567-1eaf90bb61d1,tRNA-Arg-TCG-1-1;tRNA-Pro-TGG-2-1
d7f7a31c-3b08-4e77-aca8-9269795dd1f2,tRNA-Gly-CCC-1-1;tRNA-Ile-TAT-1-1
d84c0230-9f08-47ef-b7c3-5b1321faa17b,tRNA-Gly-CCC-1-1;tRNA-Trp-CCA-1-1
e60644f1-a16c-4162-95fe-0a32e91e5a80,tRNA-His-GTG-1-1;tRNA-Leu-TAA-1-1
258c3c18-0189-4a65-b7af-a50baa9bab60,tRNA-Arg-TCT-2-1;tRNA-His-GTG-1-1
3ec16ca4-0682-4ca2-af9c-30e39eddb27b,tRNA-Gly-TCC-2-1;tRNA-Thr-TGT-2-1
52549369-4d42-4be6-b029-1921f1e4d834,tRNA-Ala-CGC-1-1;tRNA-Asn-GTT-2-1
b8d145d1-679d-4ff4-bffb-41528d90fc0d,tRNA-Thr-CGT-1-1;tRNA-Tyr-GTA-1-1
ab6b4b12-5ecd-48bc-b079-1f78b02f2c0a,tRNA-Ile-AAT-1-1;tRNA-Pro-AGG-1-1
d50aa3ba-6e6e-46e1-b855-613caa869cf4,tRNA-Ile-AAT-1-1;tRNA-Val-TAC-1-1
b1d5d7ac-b29c-4eba-b7c6-57c73b0c023c,tRNA-Pro-TGG-2-1;tRNA-Val-TAC-1-1
0c8c438d-1320-47d9-8875-15bf7d5c7ba0,tRNA-Ala-TGC-1-1;tRNA-Gly-CCC-1-1
ee716de3-db1e-4e06-a9bc-c36c50cba0b3,tRNA-Ala-AGC-1-1;tRNA-Tyr-GTA-1-1
e9ecf75c-d2ba-4ffb-955d-3e0c2fc53450,tRNA-Leu-CAA-1-1;tRNA-Val-TAC-1-1
527a04c5-79a3-4872-a9d4-e39e39e0a60f,tRNA-Ala-CGC-1-1;tRNA-Gly-CCC-1-1
70fcfce2-159b-46ac-a206-73f6edc773ba,tRNA-Ala-AGC-1-1;tRNA-iMet-CAT-1-1
12efb50e-8073-4216-8eef-46b44f8c96f9,tRNA-Ala-CGC-1-1;tRNA-Arg-ACG-1-1
7e09a63b-81a1-488a-88fc-161f0d982ebb,tRNA-Asn-GTT-2-1;tRNA-Leu-CAA-1-1
349fcb5b-fb2b-45e7-8c89-0855ad58e732,tRNA-Arg-TCT-2-1;tRNA-Thr-CGT-1-1
7afc82c7-5d34-436e-ad34-45ee482c21e0,tRNA-Pro-TGG-2-1;tRNA-Val-AAC-1-1
617be806-b397-4876-8bcf-1d01ba6dbd0a,tRNA-Asp-GTC-1-1;tRNA-Pro-TGG-2-1
aa2371a9-6664-4283-9262-2efa5c05733a,tRNA-Asn-GTT-2-1;tRNA-Lys-CTT-1-1
4d5b701e-d34a-44ef-80b0-c9ea8930b85d,tRNA-Ala-TGC-1-1;tRNA-Ser-AGA-1-1
7a414eed-6949-4e2e-8b80-8e2a4eefe165,tRNA-Asn-GTT-2-1;tRNA-Gly-TCC-2-1
cdfe2de7-bf61-4c4d-831f-925a99ea42a4,tRNA-Cys-GCA-1-1;tRNA-Pro-TGG-2-1
ea5c3815-a6e4-46b3-9c55-8ddd9f85accb,tRNA-Pro-CGG-1-1;tRNA-Tyr-GTA-1-1
f430c516-f2b1-4f20-964c-76016e3e0e90,tRNA-Pro-TGG-2-1;tRNA-Val-CAC-1-1
029dec24-1915-46b3-bdd9-093619360b46,tRNA-Lys-CTT-1-1;tRNA-Tyr-GTA-1-1
8a7e208f-2769-498c-aea7-345faad8376d,tRNA-Gly-GCC-1-1;tRNA-Phe-GAA-1-1
2c1d550c-4f60-4e19-844e-10006b1dacda,tRNA-Ala-TGC-1-1;tRNA-Arg-TCT-2-1
1095f975-47ac-4233-ae89-7a8f3a851cdf,tRNA-Ile-AAT-1-1;tRNA-Tyr-GTA-1-1
5ebf6e0e-c82e-4d0f-a929-bf0b49434323,tRNA-Ile-TAT-1-1;tRNA-Tyr-GTA-1-1
2e1715bb-0312-4e7b-98db-269887c580cf,tRNA-Gly-GCC-1-1;tRNA-Pro-CGG-1-1
69ae5777-ff87-4c33-aee7-4326b2b90fd4,tRNA-Arg-TCG-1-1;tRNA-His-GTG-1-1
57c22fe3-5c3c-4865-a0cc-3dc138952c6d,tRNA-Leu-TAA-1-1;tRNA-Lys-TTT-1-1
77280048-aada-4c9e-a9bd-e0c8991d5306,tRNA-Met-CAT-1-1;tRNA-Val-TAC-1-1
720c5969-f8a9-4428-afcf-3e9a060a4e78,tRNA-Trp-CCA-1-1;tRNA-Val-CAC-1-1
8f31d791-24cd-4858-9a09-62ef96c1a3bc,tRNA-His-GTG-1-1;tRNA-Tyr-GTA-1-1
ced8d4f8-3def-4d81-b961-9d17f13794bb,tRNA-Leu-TAG-1-1;tRNA-Thr-CGT-1-1
cb308679-7a88-4985-a7e1-d2dcd5d34900,tRNA-Pro-TGG-2-1;tRNA-Val-AAC-1-1
2bf353e1-655e-4344-b09a-694a1398f5dd,tRNA-Met-CAT-1-1;tRNA-Val-CAC-1-1
e31e272e-f85e-416e-b7fd-6637b5154405,tRNA-Ala-AGC-1-1;tRNA-Leu-TAA-1-1
3e646797-0ba3-4fdf-9407-6a3b2c7aa73e,tRNA-Ala-CGC-1-1;tRNA-Thr-CGT-1-1
e726932f-f574-4eca-b8bf-d876bd0b1e55,tRNA-Gly-CCC-1-1;tRNA-Ser-GCT-1-1
1460f5a2-2737-452c-875e-5d68efbdcf51,tRNA-Gly-CCC-1-1;tRNA-Val-AAC-1-1
1b10b2e2-e1ab-4938-b56c-236c7de5bffa,tRNA-Leu-TAA-1-1;tRNA-Ser-TGA-2-1
6cbb0892-150b-42f9-8655-f94cf03e3506,tRNA-Lys-TTT-1-1;tRNA-Val-TAC-1-1
469f733a-012d-46a7-a8ad-af596dd40d4f,tRNA-Ala-TGC-1-1;tRNA-Gly-CCC-1-1
cfa410c5-04f1-4f9f-a8b0-8233157d4ccf,tRNA-Gly-GCC-1-1;tRNA-Val-TAC-1-1
ce2b1184-3948-4159-b7d7-90820ad103cd,tRNA-Asn-GTT-2-1;tRNA-Leu-AAG-1-1
ad962f58-204f-4504-885b-0d12b0cedb5d,tRNA-Arg-ACG-1-1;tRNA-Ser-AGA-1-1
0749b809-5c91-4bac-baf7-5eeeed244f27,tRNA-Arg-TCT-2-1;tRNA-Gly-CCC-1-1
00bc6ea7-8f88-4c2e-b2ff-68ac66d875a8,tRNA-Leu-AAG-1-1;tRNA-Val-AAC-1-1
fc9d4b24-dcba-4ebf-9bf7-99faf898dbca,tRNA-Ser-AGA-1-1;tRNA-Val-CAC-1-1
1a12324b-a514-488b-ac71-5a34cef0fe67,tRNA-Gly-CCC-1-1;tRNA-Thr-CGT-1-1
7ffd5330-41fa-4857-9af8-1424d018ca40,tRNA-Gly-CCC-1-1;tRNA-Thr-TGT-2-1
ee05aeb0-87c1-4ea5-b931-a89fe289cd1e,tRNA-Asp-GTC-1-1;tRNA-Gly-CCC-1-1
08ae22a2-c5e6-4ccb-98a6-ab787582d080,tRNA-Ser-GCT-1-1;tRNA-Thr-CGT-1-1
4d9b75ee-43d2-4690-bb7b-ebc4773a25b4,tRNA-His-GTG-1-1;tRNA-Ile-AAT-1-1
a73dc18c-cdf0-4c5c-a6be-8bc140fdb4ae,tRNA-Gly-TCC-2-1;tRNA-Val-TAC-1-1
4597267d-cbfc-4409-b3cd-5a089935fd9f,tRNA-Lys-TTT-1-1;tRNA-iMet-CAT-1-1
c2da978c-d837-4690-9b20-d53ba3753512,tRNA-Ala-TGC-1-1;tRNA-Gly-CCC-1-1
917461fa-eb60-4657-82d3-108ae9fbf8c0,tRNA-Asp-GTC-1-1;tRNA-Glu-CTC-1-1
7ae3ce52-9145-4af9-90c1-1e1bd39c70a2,tRNA-Glu-CTC-1-1;tRNA-His-GTG-1-1
8777d938-bfe3-4b2f-9c96-636f7dba4634,tRNA-Lys-TTT-1-1;tRNA-Tyr-GTA-1-1
7fb143cf-b1e5-4c75-984f-0a03e73fb513,tRNA-Arg-TCT-2-1;tRNA-His-GTG-1-1
1cf24085-0749-4c1a-bab1-cd9315ed8c5b,tRNA-Pro-AGG-1-1;tRNA-Val-CAC-1-1
af2d35f3-8ef8-4a07-928c-d3ec7b4ab9bf,tRNA-Arg-TCT-2-1;tRNA-Gly-CCC-1-1
f8ef9dcc-c018-46aa-b279-5a825cef3276,tRNA-Pro-AGG-1-1;tRNA-Ser-AGA-1-1
2b1950a1-2663-4da2-858d-8e526e87d79b,tRNA-Asp-GTC-1-1;tRNA-Val-CAC-1-1
3e02bd56-1d2f-4db5-ac36-59a421611685,tRNA-Leu-CAG-1-1;tRNA-Tyr-GTA-1-1
e9d89aad-78d8-490e-811b-08e7d4ad0882,tRNA-Trp-CCA-1-1;tRNA-Val-AAC-1-1
9a5b140a-5d6f-4051-91e9-7323a8e70a50,tRNA-Gly-CCC-1-1;tRNA-Pro-TGG-2-1
c26f0ebb-9aa9-486d-93c4-8a4638550632,tRNA-Asn-GTT-2-1;tRNA-Glu-TTC-1-1
3f428606-7aa2-453e-9a07-c3f41068e072,tRNA-Cys-GCA-1-1;tRNA-His-GTG-1-1
57cc8bf6-49a4-4971-b3b1-abffe654b667,tRNA-Ala-TGC-1-1;tRNA-Pro-AGG-1-1
ee5e0588-303b-4049-bcf2-a33eb37c60cf,tRNA-His-GTG-1-1;tRNA-Pro-TGG-2-1
164b34f0-e71f-4060-a139-0b14a159be24,tRNA-Arg-TCT-2-1;tRNA-Ser-AGA-1-1
ff914186-eaf1-41e3-913e-07fd1b3ed668,tRNA-Arg-CCG-1-1;tRNA-Met-CAT-1-1
15d5b8cc-2e42-4ba6-8ef3-a94b8bb7d9f2,tRNA-Ala-TGC-1-1;tRNA-Trp-CCA-1-1
173e2b19-c35e-4d78-9a95-a53188fe60f1,tRNA-Lys-TTT-1-1;tRNA-Val-TAC-1-1
96c7bd57-14f0-4591-b66f-dff528e15bce,tRNA-Pro-AGG-1-1;tRNA-Thr-TGT-2-1
28b29707-1f9f-4990-b30f-f56e1fc59131,tRNA-Pro-CGG-1-1;tRNA-Val-CAC-1-1
aa0c55ba-857c-4027-b2ae-a52609efac95,tRNA-Arg-TCG-1-1;tRNA-Thr-CGT-1-1
bb0c7f94-1f8c-4797-b9cd-3189b8a211e1,tRNA-Met-CAT-1-1;tRNA-Phe-GAA-1-1
a78a93e2-2538-4aaf-b33d-23c2252eb9bb,tRNA-Ile-TAT-1-1;tRNA-Lys-TTT-1-1
00719508-6739-4c7b-9cff-d37ff0fe33aa,tRNA-Tyr-GTA-1-1;tRNA-Val-AAC-1-1
0dcd5211-976d-43f2-aa70-3b2ae71b8f2a,tRNA-Tyr-GTA-1-1;tRNA-Val-AAC-1-1
11f767db-df72-4e2c-b203-6db59838b3ee,tRNA-Cys-GCA-1-1;tRNA-Val-CAC-1-1
f857b857-a356-430a-8752-994369bfab59,tRNA-Ala-CGC-1-1;tRNA-Asp-GTC-1-1
b2c49bd3-7ecf-463f-b621-55bc3b04ef9a,tRNA-Gly-CCC-1-1;tRNA-Ile-TAT-1-1
8334f267-03a7-4b16-92ff-b89829b9837f,tRNA-Ser-AGA-1-1;tRNA-Thr-CGT-1-1
c5e55379-b116-4335-aa11-879050999418,tRNA-Arg-TCT-2-1;tRNA-Thr-CGT-1-1
c10a27b4-f05f-4664-b971-927279c77c20,tRNA-Met-CAT-1-1;tRNA-Pro-TGG-2-1
5a2b4806-5430-40b6-88b4-91ac8f6ecb2d,tRNA-Ala-AGC-1-1;tRNA-Val-AAC-1-1
e132a7fb-7b01-4945-a8ce-4407cb6680f4,tRNA-Met-CAT-1-1;tRNA-Val-TAC-1-1
e99d28e0-3c0a-4334-8e04-0a8dd4a1ea00,tRNA-Leu-AAG-1-1;tRNA-Thr-TGT-2-1
17bfd964-b7ce-4fcd-a221-d8f32eef5e5b,tRNA-Arg-CCT-1-1;tRNA-Lys-TTT-1-1
3c57877d-c3b0-454f-86f6-4567abaec940,tRNA-Gly-CCC-1-1;tRNA-Met-CAT-1-1
48cced3d-9830-48d8-bd14-1c5cf661a85a,tRNA-His-GTG-1-1;tRNA-Val-TAC-1-1
57f28b6a-5829-488c-9fe0-11a7a7cbded8,tRNA-Ala-TGC-1-1;tRNA-Ser-AGA-1-1
9034c2ab-5d17-473e-9437-d063efdd15dd,tRNA-Glu-TTC-1-1;tRNA-Lys-CTT-1-1
a3758d92-8393-4942-bc80-6ddad8e334e8,tRNA-Asp-GTC-1-1;tRNA-Ser-CGA-1-1
d87b0a71-6d14-466b-b20c-2a9121e085b2,tRNA-Ile-AAT-1-1;tRNA-Met-CAT-1-1
13af3722-47cf-4d9f-abab-230a42ffb89d,tRNA-Arg-TCT-2-1;tRNA-Thr-CGT-1-1
ea235c5b-6864-413f-948b-a1903e2fee2b,tRNA-Pro-TGG-2-1;tRNA-Val-AAC-1-1
fcaccbc5-221a-4e2b-aab2-01e4dcd1a502,tRNA-Asp-GTC-1-1;tRNA-Val-TAC-1-1
7759c5b4-0bd2-4684-b42e-c70e68db3ce2,tRNA-Lys-TTT-1-1;tRNA-Tyr-GTA-1-1
9032da59-81a7-429e-84c7-9bd5ecb9165a,tRNA-Phe-GAA-1-1;tRNA-Thr-CGT-1-1
4c95fe75-c12e-4647-a893-36fd70a080e0,tRNA-His-GTG-1-1;tRNA-Tyr-GTA-1-1
2ab70e98-396a-4a4a-a3de-b701d4a323d1,tRNA-Gly-CCC-1-1;tRNA-Thr-CGT-1-1
6e279323-fe47-43db-9c30-f8442eb5d8cb,tRNA-Glu-CTC-1-1;tRNA-Thr-TGT-2-1
26c56653-f9fc-40ac-ba9e-ece2d64d2779,tRNA-Leu-TAA-1-1;tRNA-Met-CAT-1-1
6616ce16-9ca2-4e23-9efc-bd3ef3ba7fc0,tRNA-His-GTG-1-1;tRNA-Tyr-GTA-1-1
f2716d5d-78db-4e75-8f3c-ce6956c785b4,tRNA-Met-CAT-1-1;tRNA-Tyr-GTA-1-1
f5f3c321-d244-40f5-9334-82a1872d69cb,tRNA-Ile-AAT-1-1;tRNA-Val-TAC-1-1
b6f70057-b165-4b13-a9a7-3d16b0686347,tRNA-Lys-CTT-1-1;tRNA-Pro-TGG-2-1
b0b30684-3b87-43ff-b52e-8ae367c5faef,tRNA-Ala-AGC-1-1;tRNA-Arg-TCT-2-1
78a3249a-4376-46c5-99c5-1fafc10d4504,tRNA-Arg-CCG-1-1;tRNA-Lys-TTT-1-1
886985c9-002a-4a33-a1cc-e2f458421fbc,tRNA-Trp-CCA-1-1;tRNA-Tyr-GTA-1-1
d1518d51-d42f-47ea-a102-8ce22743d75c,tRNA-Pro-CGG-1-1;tRNA-Val-CAC-1-1
13e4ae3f-3693-4e9c-9282-66e6220bec9d,tRNA-Pro-TGG-2-1;tRNA-Tyr-GTA-1-1
0796cce3-7721-467d-9729-4a0e74d35db9,tRNA-Arg-TCT-2-1;tRNA-Tyr-GTA-1-1
6fe703af-7179-4eef-be44-3eb6ea4c7638,tRNA-Ala-TGC-1-1;tRNA-Asp-GTC-1-1
819538ae-eaee-4268-b6a4-286feb0e98d1,tRNA-Glu-CTC-1-1;tRNA-Lys-TTT-1-1
7192f00b-ecbb-4009-a2ab-ff7344a1f1ef,tRNA-Ala-CGC-1-1;tRNA-Val-CAC-1-1
ead163a2-b7e8-41fe-a59d-c48a0948a5d7,tRNA-Gly-CCC-1-1;tRNA-Ile-AAT-1-1
53b5089a-72f6-49fa-8e4f-5765029cf9e1,tRNA-Gly-TCC-2-1;tRNA-Leu-TAG-1-1
d4fe39dc-54a5-4a27-8d81-385f96dd50c7,tRNA-Ser-AGA-1-1;tRNA-Thr-TGT-2-1
39fd3126-2392-4ae6-b538-84883a6706c2,tRNA-Ala-TGC-1-1;tRNA-Pro-TGG-2-1
045d3d3f-4b8c-45f5-b536-1040d80ecbba,tRNA-Ser-AGA-1-1;tRNA-Val-CAC-1-1
131a8e09-b0f6-4f65-9259-881205f65f87,tRNA-Lys-CTT-1-1;tRNA-Pro-TGG-2-1
26449562-6e62-454a-8715-3232b8673452,tRNA-His-GTG-1-1;tRNA-Pro-CGG-1-1
21751f09-a74d-4ff8-9d62-45adab932e7d,tRNA-Lys-TTT-1-1;tRNA-Thr-CGT-1-1
4afcf829-50c7-415e-ac0f-5904a3624e97,tRNA-Ile-TAT-1-1;tRNA-Leu-CAA-1-1
ec7a07a5-9691-4060-9eb5-32a0234a4dcc,tRNA-Phe-GAA-1-1;tRNA-Pro-TGG-2-1
78e1a6e0-160c-4604-af65-c4743c42f916,tRNA-Ile-TAT-1-1;tRNA-Val-AAC-1-1
81a12bd5-6d44-47c5-a323-f1b56bc98f6c,tRNA-Leu-CAA-1-1;tRNA-Lys-CTT-1-1
8c5a377b-13a3-4bef-8bcb-ed7efa18b6fc,tRNA-Ile-TAT-1-1;tRNA-Phe-GAA-1-1
92ff3937-a66f-4230-b4b3-21dcfb3cd47c,tRNA-Asp-GTC-1-1;tRNA-Met-CAT-1-1
e1ea7556-c5c6-4b38-8289-d9a9cfa160c6,tRNA-Glu-CTC-1-1;tRNA-Pro-TGG-2-1
ad1536bc-3bf9-4301-aa29-11c8114d1a9e,tRNA-Arg-CCT-1-1;tRNA-Glu-TTC-1-1
d57ed388-722b-4157-954d-fbf5750141cd,tRNA-Leu-CAG-1-1;tRNA-Val-TAC-1-1
dfa89856-3ae8-4035-8cae-73f5f1ba6aa9,tRNA-Ala-TGC-1-1;tRNA-Cys-GCA-1-1
e8f30db6-c1b3-4ac5-8260-eca929698a8b,tRNA-Ile-TAT-1-1;tRNA-Thr-TGT-2-1
83abaeaf-e3b6-45d0-b4f4-a94d4c710bcb,tRNA-Ala-TGC-1-1;tRNA-Val-TAC-1-1
b9b8bf6c-4999-4803-91d2-6c6de276fe3a,tRNA-Arg-ACG-1-1;tRNA-Leu-TAA-1-1
273287aa-dbb7-43c5-a7fe-3267bc1f673a,tRNA-Pro-AGG-1-1;tRNA-Val-AAC-1-1
d06281f3-81ef-48fe-8a68-181d528220ce,tRNA-His-GTG-1-1;tRNA-Ile-TAT-1-1
e25b179c-e137-43c8-9034-74a4d61395e8,tRNA-His-GTG-1-1;tRNA-Met-CAT-1-1
25d72bf3-1f16-45c4-8c2f-c08967228a38,tRNA-Leu-CAA-1-1;tRNA-Lys-CTT-1-1
a921ddb4-734f-4df1-bd56-c172c6c974b1,tRNA-Ile-TAT-1-1;tRNA-Val-AAC-1-1
a50705f1-d6e4-4b66-a24b-e1de45a3d688,tRNA-Asp-GTC-1-1;tRNA-His-GTG-1-1
5a2af3fb-b266-471f-855e-6349c251efb6,tRNA-Lys-TTT-1-1;tRNA-Thr-CGT-1-1
ed7946e9-74fd-4add-921b-d06cfef760b2,tRNA-Gly-GCC-1-1;tRNA-Leu-CAG-1-1
f082dbe3-88c4-448e-9a74-9d060db6b6d2,tRNA-Gly-TCC-2-1;tRNA-Tyr-GTA-1-1
0f9963e8-90bd-4ef3-b5df-67c7668900cb,tRNA-Gly-CCC-1-1;tRNA-Ile-TAT-1-1
b4a5a090-c6f0-4ca2-a20f-c9b73e82a8d8,tRNA-His-GTG-1-1;tRNA-Pro-AGG-1-1
94fb1a13-97b5-4b83-8fe7-01398b5ecf63,tRNA-Arg-TCT-2-1;tRNA-Asn-GTT-2-1
a95568b9-8040-4bcd-b0df-3b9b6f6b108e,tRNA-His-GTG-1-1;tRNA-Met-CAT-1-1
a782d3c0-6c88-4bcd-ac42-71fe8bd65b8c,tRNA-Ala-CGC-1-1;tRNA-Thr-TGT-2-1
0d50c400-af30-4b2f-8875-ee3f958e110e,tRNA-Gly-CCC-1-1;tRNA-Pro-AGG-1-1
ebb51308-a0b9-47bb-9f99-3b33d843ce6b,tRNA-Asp-GTC-1-1;tRNA-Val-TAC-1-1
6145bec6-2959-4f87-8993-ba6992bb9c4e,tRNA-Ala-TGC-1-1;tRNA-Pro-TGG-2-1
de757a02-61e5-4457-8203-6e30f1b69fff,tRNA-Ala-CGC-1-1_intron;tRNA-Tyr-GTA-1-1
47137ade-b768-4d14-ad30-102b637f05fd,tRNA-Asp-GTC-1-1;tRNA-Val-AAC-1-1
08aeed78-ddfc-4449-816a-523fa6bc65bf,tRNA-Gly-TCC-2-1;tRNA-Leu-TAA-1-1
108bf8d3-0c1a-418c-855a-6c98e450e7b1,tRNA-Arg-TCG-1-1;tRNA-Cys-GCA-1-1;tRNA-Leu-AAG-1-1;tRNA-Thr-CGT-1-1
7b9057a7-a5f9-4914-9121-91235fb410eb,tRNA-Gly-TCC-2-1;tRNA-Ser-AGA-1-1
69a15cb6-3efd-4d11-b5f0-2f58ce3c65ab,tRNA-Ile-AAT-1-1;tRNA-Leu-TAG-1-1
a1ba7d75-424f-450b-a27f-4109b5ed4ceb,tRNA-Gly-CCC-1-1;tRNA-Val-CAC-1-1
6a73af39-7498-4c28-92de-51e41c9f934b,tRNA-Pro-TGG-2-1;tRNA-Thr-CGT-1-1
1440ff88-e951-4085-9bdd-ba51383c2233,tRNA-His-GTG-1-1;tRNA-Ser-CGA-1-1
84532f4f-41ee-4744-9bee-252ac322b056,tRNA-Ala-AGC-1-1;tRNA-Pro-TGG-2-1
e9ef7c99-7891-4008-a73a-b7d6f718d065,tRNA-Glu-CTC-1-1;tRNA-Ser-GCT-1-1
44f65746-6434-46be-9b34-126023df23a9,tRNA-Arg-TCT-2-1;tRNA-Pro-TGG-2-1
b784ed59-db63-4f86-9503-d91c0f2f95e9,tRNA-Ala-TGC-1-1;tRNA-Ile-AAT-1-1
5ec780d8-b80d-4276-856c-764b24185421,tRNA-Arg-TCT-2-1;tRNA-His-GTG-1-1
d7b4c2e0-7fa0-4b8e-bb31-96304fcb8dc0,tRNA-Gly-CCC-1-1;tRNA-Ile-AAT-1-1
e29a72e8-4e70-4dd1-b0f8-2532427fedb7,tRNA-Gly-CCC-1-1;tRNA-Val-CAC-1-1
852952db-f63e-4a6e-83b8-f0b391dec1e1,tRNA-Leu-CAG-1-1;tRNA-Val-TAC-1-1
696ff3c9-ce95-4a74-9afe-e8a482a538c1,tRNA-Asp-GTC-1-1;tRNA-Ile-AAT-1-1
baab5280-f489-47ee-9d13-a33ba4047e3b,tRNA-Ile-TAT-1-1;tRNA-Val-CAC-1-1
9aba9bca-37d5-4394-8bdf-f20655f91926,tRNA-Thr-TGT-2-1;tRNA-Tyr-GTA-1-1
33142804-7bf9-498c-81b9-b4f1af6e12bc,tRNA-Arg-TCG-1-1;tRNA-Ser-AGA-1-1
ae2cf108-ccba-42d8-8f64-ea7b67770619,tRNA-Lys-TTT-1-1;tRNA-Thr-CGT-1-1
e9191d00-24f1-45c3-9d52-4e9f7fa84d79,tRNA-Ala-AGC-1-1;tRNA-Gly-TCC-2-1
ea4a3585-e672-49e8-9e90-fbdda268962c,tRNA-Ala-AGC-1-1;tRNA-Lys-TTT-1-1
b8360671-136d-46bc-885e-a71e98412011,tRNA-Pro-CGG-1-1;tRNA-Trp-CCA-1-1
09fa192a-aa96-4c4a-9600-b397d6e098cf,tRNA-His-GTG-1-1;tRNA-Phe-GAA-1-1
812ded6e-0dca-4499-a5de-c1565106f4a4,tRNA-His-GTG-1-1;tRNA-Leu-CAA-1-1
1f0157b9-c659-45ae-a955-978088b6f797,tRNA-Leu-CAA-1-1_intron;tRNA-Pro-CGG-1-1
f0b09b93-30ac-4751-ad66-3e15082a4791,tRNA-Pro-TGG-2-1;tRNA-Thr-TGT-2-1
ccc70e9d-aa27-4715-a605-c87dcf1b4d57,tRNA-Asn-GTT-1-1;tRNA-Met-CAT-1-1
260f9d9b-40b3-4790-952d-d121af930421,tRNA-Pro-TGG-2-1;tRNA-Thr-TGT-2-1
c2d88f18-3f00-4a14-a486-a078f76588f1,tRNA-Asn-GTT-2-1;tRNA-Ser-GCT-1-1
4ee1bed3-3494-4dfa-94c5-23a30c5d2379,tRNA-Lys-TTT-1-1;tRNA-Val-TAC-1-1
352d1529-a0ca-4e5f-95cd-26a85cdd6a16,tRNA-Gly-CCC-1-1;tRNA-Val-TAC-1-1
f562c8c2-7c2c-4976-b722-2079ccfc33e9,tRNA-Ala-TGC-1-1;tRNA-Trp-CCA-1-1
5f73a31b-2d03-4758-a132-6e01e941c4b8,tRNA-Arg-TCT-2-1;tRNA-Trp-CCA-1-1
6ea0baee-44be-41e8-8e19-cb9ad0340950,tRNA-Gly-CCC-1-1;tRNA-Trp-CCA-1-1
711124d4-172e-4470-aaa8-7f47b4e3e74f,tRNA-Gly-GCC-1-1;tRNA-Pro-AGG-1-1
4d52762b-6cb5-4eb1-9817-199117918337,tRNA-Asn-GTT-2-1;tRNA-Ile-TAT-1-1
4ab9628a-2321-4957-9cf8-8056dc4745f6,tRNA-Ala-CGC-1-1;tRNA-Thr-CGT-1-1
b546ba04-be3d-4d61-8f7d-4815a3216f9d,tRNA-Glu-TTC-1-1;tRNA-Tyr-GTA-1-1
4fbe6bc5-0ff3-4228-afe3-5adb4ff3141c,tRNA-Asn-GTT-2-1;tRNA-Met-CAT-1-1
e8790089-d713-4b63-aec8-791dd00e70b6,tRNA-Arg-TCG-1-1;tRNA-Ser-AGA-1-1
d44dd98b-184a-442c-a2c3-5d2ac378807c,tRNA-Ala-TGC-1-1;tRNA-Glu-TTC-1-1
179413f9-fb5e-448a-86d7-8239ac287abd,tRNA-Ala-CGC-1-1;tRNA-Arg-TCG-1-1
0d2ce4d6-24b5-47fe-b8bf-d925e7ab1305,tRNA-Met-CAT-1-1;tRNA-Ser-AGA-1-1
4bed2f95-e978-41f9-a7c3-82f856e1eadd,tRNA-Ser-GCT-1-1;tRNA-Thr-CGT-1-1
f216e35d-47e0-433d-b0ab-b22d1503ef8a,tRNA-His-GTG-1-1;tRNA-Val-AAC-1-1
59068f7c-14de-4ad3-ba3f-bdb2d46ae9ba,tRNA-Pro-TGG-2-1;tRNA-Tyr-GTA-1-1
6cf84945-d88b-410b-8c51-c720557c976e,tRNA-Asn-GTT-2-1;tRNA-Ser-TGA-1-1
9e7f99e6-6f34-41d0-8bfa-9596db6adf82,tRNA-Met-CAT-1-1;tRNA-Val-AAC-1-1_intron
15f488b8-0ba1-41ea-b8ee-eb33e8b791f2,tRNA-Ile-TAT-1-1;tRNA-Tyr-GTA-1-1
f3da94da-e401-4610-bfd6-27cffa448fe4,tRNA-Ala-TGC-1-1;tRNA-Met-CAT-1-1
b7f5ab2f-1a9d-4dbb-a5ba-6cd047c18e4f,tRNA-Ile-TAT-1-1;tRNA-Met-CAT-1-1
b0cd45f2-e446-4cf7-a7dc-eb7009912688,tRNA-Met-CAT-1-1;tRNA-Ser-AGA-1-1
4dbc3525-5180-487f-bef3-be2a95ffef00,tRNA-Asn-GTT-2-1;tRNA-Val-AAC-1-1
f4ecc459-8170-4e9a-a1e5-aa267c424926,tRNA-Ala-AGC-1-1;tRNA-Tyr-GTA-1-1
ae6dab09-5698-4460-8797-82c7ce0aacf0,tRNA-Arg-TCT-2-1;tRNA-Tyr-GTA-1-1
10d79dc0-c950-4ab8-b8f1-46b590afc53d,tRNA-Pro-TGG-2-1;tRNA-Thr-CGT-1-1
0c791c97-8c6d-4c3c-b390-d649eb87a0ee,tRNA-Leu-CAG-1-1;tRNA-Pro-TGG-2-1
1e2760d0-d805-4cef-8eaa-3ce98cea6453,tRNA-Lys-TTT-1-1;tRNA-Phe-GAA-1-1
94a4d920-abf8-4699-9139-de173eb2f69e,tRNA-His-GTG-1-1;tRNA-Thr-CGT-1-1
afbe8634-8135-4046-b1ac-c170b5fd39ad,tRNA-Ala-TGC-1-1;tRNA-Leu-AAG-1-1
502cc23a-f6ba-4834-a054-b40d1d0bd06a,tRNA-Leu-TAG-1-1;tRNA-Pro-AGG-1-1
7446164d-fe66-4737-8f42-6ab9e561f4c9,tRNA-Arg-CCG-1-1;tRNA-Ser-CGA-1-1
04be2a0c-506b-49df-b102-2d957481293d,tRNA-Ile-TAT-1-1;tRNA-Leu-TAG-1-1
620a91de-6be5-4044-b0fe-23f37d54f1c1,tRNA-Ser-CGA-1-1;tRNA-Tyr-GTA-1-1;tRNA-Val-CAC-1-1
34922686-d30e-4b45-a2ea-9dfb8ca29234,tRNA-Lys-TTT-1-1;tRNA-Pro-TGG-2-1
b8e5ac0d-0002-46b4-a2d0-b280ca3a0480,tRNA-Ala-TGC-1-1;tRNA-Val-TAC-1-1
bb24bf78-fe64-4bf9-809a-97241452088a,tRNA-Ser-AGA-1-1;tRNA-Thr-TGT-2-1
bfbd12a1-7a15-4a36-8b6d-50b021c38aa3,tRNA-Lys-TTT-1-1;tRNA-Met-CAT-1-1
58856368-645d-4299-92a8-f7d0a25ccdcd,tRNA-Glu-TTC-1-1;tRNA-Pro-TGG-2-1
6511b19b-87e4-4abd-9ba2-01074b97e1ae,tRNA-Leu-TAG-1-1_intron;tRNA-Pro-CGG-1-1
7137cc42-0d45-4c0f-a2fd-b0235a55e4b1,tRNA-Asn-GTT-2-1;tRNA-Pro-TGG-2-1
2f9ed4b2-e8b3-41d8-8cb4-11ee23986d49,tRNA-Asp-GTC-1-1;tRNA-Thr-TGT-2-1
b6e89ca2-8661-4625-95cd-a5a44d5873a9,tRNA-Ala-CGC-1-1;tRNA-Thr-CGT-1-1
f41a8300-b41b-4fc0-8b00-f96c6fcd017c,tRNA-Leu-TAA-1-1;tRNA-Val-TAC-1-1
512e20a7-ecd7-4598-b753-f6fff9b99ee9,tRNA-Ala-TGC-1-1;tRNA-Tyr-GTA-1-1
6849a4d4-f374-4848-be6f-57ed66e0a29f,tRNA-Gly-CCC-1-1;tRNA-His-GTG-1-1
8649c292-aa17-44ae-9c4b-505ee4a6b1bd,tRNA-Pro-CGG-1-1;tRNA-Val-CAC-1-1
9bf3f5b1-6787-4ec3-9a58-6c2b9580172a,tRNA-Gly-CCC-1-1;tRNA-Ser-AGA-1-1
09845ebe-d0b5-45b6-8b85-cdef8b2a0ecb,tRNA-Arg-CCG-1-1;tRNA-His-GTG-1-1
c7e81055-1e79-424b-83d4-549125d146ee,tRNA-Ser-TGA-2-1;tRNA-Thr-TGT-2-1
5b68840a-7c89-451b-9f7f-7b1081f30f07,tRNA-Lys-TTT-1-1;tRNA-Val-TAC-1-1
d9b98fef-9e96-4220-9325-226ba8bddfd9,tRNA-His-GTG-1-1;tRNA-Ser-CGA-1-1
3d27df2e-99e3-4016-876f-773eea1d0c8f,tRNA-Lys-TTT-1-1;tRNA-Met-CAT-1-1
efd4333b-ca88-4d41-9f61-5b9aa75ecfbe,tRNA-Cys-GCA-1-1;tRNA-Lys-CTT-1-1
942ac457-c6c2-41e0-87c7-0dd66da45dc4,tRNA-Asp-GTC-1-1;tRNA-His-GTG-1-1
0dd7ca14-8506-4b4a-974b-b7886b3eed3c,tRNA-His-GTG-1-1;tRNA-Ser-CGA-1-1
bcc578b2-4c5e-4a29-bb0b-2c78d9d4b8d0,tRNA-Glu-TTC-1-1;tRNA-Lys-CTT-1-1
114eb214-676c-4c80-9ffd-283db7dd66d2,tRNA-Arg-TCT-1-1;tRNA-Leu-TAG-1-1
295a46e5-83ec-4a7d-be4d-f723c728c8d9,tRNA-Met-CAT-1-1;tRNA-Val-TAC-1-1
8c6968b0-12a6-43d4-a2ce-5ae5fe13c283,tRNA-Ala-TGC-1-1;tRNA-Thr-TGT-2-1
39b8f398-52ad-49ed-a4e5-b532e8339e55,tRNA-Arg-CCT-1-1;tRNA-Tyr-GTA-1-1
4f1b45a7-f7d8-4624-809d-ba16c312cba5,tRNA-Lys-CTT-1-1;tRNA-Ser-AGA-1-1
6361e5e3-6dc0-45d6-8eac-5b55637d397b,tRNA-Pro-TGG-2-1;tRNA-Ser-AGA-1-1
3d790244-504d-4341-b4c4-ca0a8ecea8d6,tRNA-Arg-TCT-2-1;tRNA-Val-TAC-1-1
70fbe579-31cf-4625-b008-987706c1dba8,tRNA-Tyr-GTA-1-1;tRNA-Val-AAC-1-1
1fca6245-28a8-4853-9a8b-5200cd2508ad,tRNA-Pro-CGG-1-1;tRNA-Ser-GCT-1-1
9768bacd-8e4c-434d-93f2-bcfd650b1422,tRNA-Ala-CGC-1-1;tRNA-Ala-TGC-1-1;tRNA-Gly-CCC-1-1
08169aff-bf69-4d4c-aea6-253fbd0ac4be,tRNA-Glu-TTC-1-1;tRNA-Thr-CGT-1-1
b58a0b52-2559-4c8d-82de-1917e3614462,tRNA-Asn-GTT-1-1;tRNA-iMet-CAT-1-1
4bbd7502-75a1-41d0-ab0d-8431ee9114fa,tRNA-Gly-TCC-2-1;tRNA-His-GTG-1-1
636161f4-df8b-489a-a50c-561c1eb38197,tRNA-Pro-TGG-2-1;tRNA-Ser-AGA-1-1
e4b7c2b1-c515-4ed3-987e-495f2a548a6a,tRNA-Leu-CAG-1-1;tRNA-Val-TAC-1-1
ec5c38e3-2091-42a2-8b34-e3747b28d2ef,tRNA-Lys-TTT-1-1;tRNA-Thr-CGT-1-1
eb26d48e-a627-49e4-99ba-9566ca771735,tRNA-Pro-TGG-2-1;tRNA-Thr-CGT-1-1
80c0e8d9-f1a3-4688-be03-d080e894dbd6,tRNA-Pro-TGG-2-1;tRNA-Ser-CGA-1-1
bf4bfe68-6a27-4f9f-8f92-243dda9ba9da,tRNA-Ala-CGC-1-1;tRNA-Ser-AGA-1-1
c3b8b310-59cd-46fd-95db-a683f2da1c13,tRNA-Arg-CCT-1-1;tRNA-Val-TAC-1-1
ced76c08-6764-48c7-8a3a-330d9aac48d5,tRNA-His-GTG-1-1;tRNA-Pro-TGG-2-1
8de072cf-825c-4c3d-97ec-13c36ae57cd3,tRNA-Asn-GTT-2-1;tRNA-Val-AAC-1-1
7a1a046f-a0cb-4ed1-8b0a-2b8c1b469ec5,tRNA-Glu-CTC-1-1;tRNA-Val-AAC-1-1
f93a38b8-b898-452f-8328-ed812766deac,tRNA-His-GTG-1-1;tRNA-Leu-TAA-1-1
a99366ff-c4d6-4234-a0db-931547f0e511,tRNA-Ser-AGA-1-1;tRNA-Val-TAC-1-1
67d204ae-3e71-4144-a171-2cbcdb1d214b,tRNA-Arg-TCT-2-1;tRNA-Ser-TGA-2-1
7f8d8505-0185-4e06-a894-ad45f0818545,tRNA-Pro-AGG-1-1;tRNA-Tyr-GTA-1-1
5c118745-0bc1-47a5-8368-fb7db8bf0a5b,tRNA-Arg-CCG-1-1;tRNA-Thr-TGT-1-1
575f5a9a-4168-4430-a9d8-46203974d1c7,tRNA-Ala-CGC-1-1;tRNA-Glu-TTC-1-1
0572a029-c436-4f81-9d77-81e967b6ea39,tRNA-Gly-CCC-1-1;tRNA-Val-TAC-1-1
b816eace-1c55-4dd4-bc54-b8cfae15c9aa,tRNA-Ala-TGC-1-1;tRNA-His-GTG-1-1
445e8143-2060-46c8-b35d-0a58e048fdbe,tRNA-Arg-ACG-1-1;tRNA-Thr-CGT-1-1
288e3609-d068-4306-8f92-853a759e8df4,tRNA-Ala-TGC-1-1;tRNA-Val-AAC-1-1
5eda4f32-b465-4aac-85b4-cf06e75c183c,tRNA-Gly-CCC-1-1;tRNA-His-GTG-1-1
bb47a0d5-6eb0-4b9a-9fec-4fd27f4a03ed,tRNA-Asp-GTC-1-1;tRNA-Gly-CCC-1-1
566363e5-4fbd-4b23-9eca-1b84d47da8df,tRNA-Asp-GTC-1-1;tRNA-Met-CAT-1-1
c10a6db4-c6b9-4bc7-9516-e77613605dcc,tRNA-Arg-TCT-2-1;tRNA-His-GTG-1-1
c822caac-d42f-48a6-a3c8-50a2a7d3435b,tRNA-Arg-TCG-1-1;tRNA-Thr-CGT-1-1
67ad017e-bd30-45f9-a5b9-3d4d5cf4f25c,tRNA-Gly-CCC-1-1;tRNA-Leu-CAG-1-1
6ca8ad21-ba52-4bb3-91f9-4693c6b26a5e,tRNA-Ser-CGA-1-1;tRNA-Tyr-GTA-1-1
80e76f61-10b4-4001-b86b-13f8c8d98a9f,tRNA-Ala-TGC-1-1;tRNA-Ile-TAT-1-1
918f223a-1a95-4b36-94ef-df5485d80b0f,tRNA-Arg-CCG-1-1;tRNA-Lys-CTT-1-1
f99ac188-71cb-4fee-9ac5-c08a98fdc5a3,tRNA-Asp-GTC-1-1;tRNA-Ile-AAT-1-1
bf9b28eb-943f-4806-8db7-69bbec8bf9f6,tRNA-Leu-TAA-1-1;tRNA-Lys-TTT-1-1
3150d8d8-f89a-4dac-b92d-62d213b6b8d1,tRNA-Leu-TAG-1-1;tRNA-Lys-CTT-1-1
a3dfb338-ddcd-46a6-b19e-0ef7abd0ec61,tRNA-His-GTG-1-1;tRNA-Met-CAT-1-1
70a14e92-f6c6-43e3-8dd8-797127bf4909,tRNA-Met-CAT-1-1;tRNA-Val-TAC-1-1
7862b56e-a74e-43dd-86d9-b224870b576f,tRNA-Leu-TAG-1-1;tRNA-Val-CAC-1-1
1cf3a827-ad7c-4e06-8c36-975914149f8a,tRNA-Ala-CGC-1-1;tRNA-Leu-TAG-1-1
c9fa6a3b-a9f3-4ffc-ad61-3e929103fc46,tRNA-Asn-GTT-2-1;tRNA-Tyr-GTA-1-1
b7880de2-2d1a-4cf4-9f72-770b9a9b883c,tRNA-Arg-TCG-1-1;tRNA-Leu-TAG-1-1
52c666d3-51eb-4d2d-9606-541090a60f5b,tRNA-Arg-ACG-1-1;tRNA-Tyr-GTA-1-1
7992f3a1-2c47-4562-a596-20c3a8d4f1f2,tRNA-Asn-GTT-2-1;tRNA-Glu-CTC-1-1
05e7e887-73e8-46b2-a87d-e6dfa5fbf3d7,tRNA-Ile-TAT-1-1;tRNA-Leu-CAA-1-1_intron;tRNA-Pro-TGG-2-1
06d33f57-87d6-4024-b40d-a37b6d9703d4,tRNA-His-GTG-1-1;tRNA-Leu-TAG-1-1
b1c16724-ed34-41c8-a8c9-4e7f47f0c88b,tRNA-Ser-GCT-1-1;tRNA-Val-AAC-1-1
b41e381f-99c5-4157-bfc6-3200fa4bbc45,tRNA-Pro-CGG-1-1;tRNA-Val-CAC-1-1
1fd2ce16-d18b-44e8-bcf7-dfc19245c09b,tRNA-Ser-AGA-1-1;tRNA-Val-TAC-1-1
d46b8d03-be2c-4ec9-9546-03c2ec69a096,tRNA-Lys-TTT-2-1;tRNA-Val-CAC-1-1
737e5529-b48a-4f6b-ac5d-737043612b27,tRNA-Trp-CCA-1-1;tRNA-Val-CAC-1-1
3bc2eb76-70e4-4a66-81be-579c1a1a8ad8,tRNA-Gly-CCC-1-1;tRNA-Thr-CGT-1-1
5df80bdb-a788-4be0-9306-8a1572f4b951,tRNA-Leu-TAA-1-1;tRNA-Phe-GAA-1-1
d83ecd73-5cc6-49ae-a141-3edc2f5a467b,tRNA-Ser-GCT-1-1;tRNA-Thr-CGT-1-1
ec259ae3-0102-491f-9f5f-75afbdfdd5f1,tRNA-Arg-ACG-1-1;tRNA-Ile-TAT-1-1
d406070b-c711-43a1-8a2c-f60777739529,tRNA-Ala-TGC-1-1;tRNA-Val-TAC-1-1
dbdacb60-9781-4783-b9fb-eeab5de6c120,tRNA-Ala-TGC-1-1;tRNA-Pro-TGG-2-1
094ea406-3bec-4520-bca6-aa5484abe2f1,tRNA-Ile-TAT-1-1;tRNA-Ser-AGA-1-1
293e7ef3-fb83-441e-b5f2-997d8fed7c74,tRNA-Ile-TAT-1-1;tRNA-Ser-TGA-2-1
35f654a3-a558-4ce2-819e-18aa2c91a7cf,tRNA-Ala-TGC-1-1;tRNA-Leu-CAA-1-1
77dbd64e-46cf-4325-b301-705a88740380,tRNA-Glu-TTC-1-1;tRNA-Pro-TGG-2-1
aac0f0a1-6ae3-4294-a796-e5d8a46edab3,tRNA-Leu-CAG-1-1;tRNA-Thr-CGT-1-1
4c1c3a72-27ee-4034-a52c-71ce07715db7,tRNA-Thr-CGT-1-1;tRNA-Trp-CCA-1-1
02ca03a5-4a37-4817-aaeb-465bacf59e04,tRNA-Arg-TCT-2-1;tRNA-Leu-CAG-1-1
a596d783-52bd-4cbe-8a94-68e5dc717357,tRNA-Tyr-GTA-2-1;tRNA-Val-TAC-1-1
42939143-153f-4277-99e4-6009835de5ee,tRNA-Ser-TGA-1-1;tRNA-Thr-CGT-1-1
39be5373-eac5-4317-9686-0764171be375,tRNA-Gly-GCC-1-1;tRNA-Leu-CAG-1-1
df154150-b422-4329-b020-7bc2ed8fe7e4,tRNA-Leu-TAG-1-1;tRNA-Val-TAC-1-1
51f4e064-6049-4b18-be56-069121a28348,tRNA-Arg-ACG-1-1;tRNA-Pro-AGG-1-1
54014fd4-6fa4-4ec3-8332-9e67373a726b,tRNA-Ala-TGC-1-1;tRNA-Val-TAC-1-1
ff84f9af-a92b-46b0-b0d7-53bcd2cfc50c,tRNA-Ile-TAT-1-1;tRNA-Leu-AAG-1-1
9d9cbf11-96dc-4586-bab0-766fd42415c0,tRNA-His-GTG-1-1;tRNA-Ile-TAT-1-1
232ed82d-f5f3-470b-af16-d43762ef9af3,tRNA-Arg-TCT-2-1;tRNA-Val-CAC-1-1
b3c73f5a-c11b-4052-952e-0d31aaae7f8e,tRNA-Glu-TTC-1-1;tRNA-His-GTG-1-1
d5813c71-4678-46fc-8821-17dd0ebcf1b6,tRNA-Cys-GCA-1-1;tRNA-Gly-CCC-1-1
5ff305cc-e6b8-40c9-bf0c-ea0d64342f8f,tRNA-Pro-AGG-1-1;tRNA-Tyr-GTA-1-1
6610db9b-623c-4014-ac1c-f7904dd03b61,tRNA-Arg-ACG-1-1;tRNA-His-GTG-1-1
0242e435-aba1-4ca5-b504-6fe95dfd2e45,tRNA-Leu-TAG-1-1;tRNA-Tyr-GTA-1-1
8bde9205-9b26-49e6-b7c7-445188d6ffdf,tRNA-Pro-TGG-2-1;tRNA-Val-AAC-1-1
242fd967-5749-4eb5-8c25-1131468651ad,tRNA-Arg-TCT-2-1;tRNA-Glu-CTC-1-1
0a9137af-595e-44cd-8d08-f42530ee9292,tRNA-Lys-TTT-1-1;tRNA-Ser-CGA-1-1
2eff5f0f-bbed-4b4b-8298-0a51b7101766,tRNA-Ala-TGC-1-1;tRNA-Ser-AGA-1-1
2d7cd9d3-0d1e-4d32-b93c-f07ec97f7d0e,tRNA-Asn-GTT-1-1;tRNA-Asp-GTC-1-1
bcefd44e-bb70-483f-ae3a-e6bc0ea831e1,tRNA-Trp-CCA-1-1;tRNA-iMet-CAT-1-1
b8132539-788c-4827-b717-1e276191b6e3,tRNA-Lys-CTT-1-1;tRNA-Met-CAT-1-1
8c8dd8b5-e9e3-49f5-a777-c9e9cd6d197a,tRNA-Lys-TTT-1-1;tRNA-Thr-CGT-1-1
bf498d14-d519-411d-94a9-071c518d5028,tRNA-Arg-ACG-1-1;tRNA-His-GTG-1-1
4ae74f86-d349-4ade-bd5a-570032a0961b,tRNA-Glu-TTC-1-1;tRNA-Met-CAT-1-1
c5bb23e1-6bc4-46d0-b713-01d375eb410d,tRNA-Ala-TGC-1-1;tRNA-Arg-ACG-1-1
62abe74f-9a84-4e0e-819a-8d377a342724,tRNA-Ser-GCT-1-1;tRNA-Thr-CGT-1-1
7e0d0512-dac3-462e-99a4-bf7db6bed6f4,tRNA-Lys-TTT-1-1;tRNA-Val-AAC-1-1
117b906c-c6b2-426b-966b-9ca7ef7ce1c6,tRNA-Ala-TGC-1-1;tRNA-Ser-TGA-2-1
b94c0060-d358-4c6e-8657-6df76275c374,tRNA-Gly-TCC-2-1;tRNA-Ile-AAT-1-1
34bb699c-dbde-4747-9d45-f7db6ca960bb,tRNA-Leu-TAG-1-1;tRNA-Pro-CGG-1-1
d8a6d868-e295-4f3c-9d62-f02f848c8d63,tRNA-Gly-GCC-1-1;tRNA-Tyr-GTA-1-1
fdbd7d89-1d66-499a-b80c-6470284573c7,tRNA-His-GTG-1-1;tRNA-Pro-CGG-1-1
7d3c1be2-8134-4cd7-83d6-0980446cd0ba,tRNA-Ile-TAT-1-1;tRNA-Thr-CGT-1-1
0948d4e1-2253-4c1a-8466-f6cd181b429d,tRNA-Arg-CCG-1-1;tRNA-Gly-CCC-1-1
a2a4e0f7-208d-45ed-9917-87f44b8daa53,tRNA-His-GTG-1-1;tRNA-Leu-TAG-1-1
af0b7f3b-2beb-4e99-ad31-8dc23ab17c49,tRNA-Ala-TGC-1-1;tRNA-Pro-TGG-2-1
a8552d66-7f02-4aeb-bdcc-85f30816dd5d,tRNA-Ala-TGC-1-1;tRNA-Asn-GTT-2-1
bb7d669a-b31b-47c5-94da-8cad9e7608bc,tRNA-Ile-AAT-1-1;tRNA-Ser-GCT-1-1
b84f6587-5489-4337-80f4-0e0705a85985,tRNA-Pro-TGG-2-1;tRNA-Thr-CGT-1-1
f6acf070-2352-484b-b61e-f0c455393117,tRNA-Pro-TGG-2-1;tRNA-Val-TAC-1-1
84bdc358-e0b0-49dc-b6ef-36d454b649bc,tRNA-Ala-TGC-1-1;tRNA-Glu-CTC-1-1
8c31e8b5-ac22-4cc6-ac74-7c2737e24eca,tRNA-Arg-TCT-2-1;tRNA-Ile-TAT-1-1
2d4bd7ca-3121-4afa-a225-40af544c0868,tRNA-Asp-GTC-1-1;tRNA-Lys-CTT-1-1
7a30d382-a380-4435-baa3-6dcbb5df2803,tRNA-Ile-AAT-1-1;tRNA-Ser-AGA-1-1
0c3cb63e-7a44-4cb5-9f08-f27c08c8055a,tRNA-Leu-AAG-1-1;tRNA-Thr-CGT-1-1
9d3745ce-a833-44a8-b3b0-bd73f1abc5c8,tRNA-Gly-CCC-1-1;tRNA-Thr-CGT-1-1
c49eea1c-9fd4-4238-a3b4-4209d23f69a9,tRNA-Arg-TCT-2-1;tRNA-Val-TAC-1-1
b4bf8d83-636e-4a70-bbd1-8282a0cd5379,tRNA-Glu-CTC-1-1;tRNA-Thr-TGT-2-1
5c85d172-2d81-46a8-8c11-137ffd3965cf,tRNA-Leu-TAA-1-1;tRNA-Tyr-GTA-1-1
703af90f-3dda-4698-8b50-c0d69c5a1e18,tRNA-Ile-AAT-1-1;tRNA-Pro-TGG-2-1
74c9066c-e51b-422f-bcc7-a18617c7f9e6,tRNA-Ser-TGA-2-1;tRNA-Tyr-GTA-1-1
08d12fdd-e4e7-4a44-8659-cbbcc1994b3b,tRNA-Thr-TGT-2-1;tRNA-Tyr-GTA-1-1
0a37a735-181d-421c-8cc4-fa5195bb2831,tRNA-Thr-CGT-1-1;tRNA-Val-CAC-1-1
b6e00e97-50c8-4d0b-b30d-9d764c43bf99,tRNA-Ala-TGC-1-1;tRNA-Gly-CCC-1-1
474efba9-97ac-42ff-a250-d74a92b105fa,tRNA-Leu-AAG-1-1;tRNA-Pro-TGG-2-1
db777013-5731-4886-a477-1a10fc6a72d5,tRNA-Arg-TCG-1-1;tRNA-Leu-CAG-1-1
e707bb50-9b13-4816-abc4-ffeeefc0ea93,tRNA-Ala-CGC-1-1;tRNA-Arg-TCT-2-1
3f49ff7d-3c4c-4add-9cff-2ae29fff55f7,tRNA-Arg-TCT-2-1;tRNA-Pro-TGG-2-1
a6cd5bca-26ea-4bfb-ae01-d35701712d02,tRNA-Asp-GTC-1-1;tRNA-Val-AAC-1-1
ad25768b-12e1-4437-93b1-49a87e3faa78,tRNA-Pro-CGG-1-1;tRNA-Val-TAC-1-1
3a64ac65-94b9-495d-ac06-d367e5cf0e3a,tRNA-Met-CAT-1-1;tRNA-Thr-TGT-1-1
30cc5b82-c03e-40dd-93dd-e70b23d079e8,tRNA-Asp-GTC-1-1;tRNA-Leu-AAG-1-1
3df7295f-ef5b-47f2-b26c-01d4873de2ab,tRNA-Gly-CCC-1-1;tRNA-Thr-CGT-1-1
483bec3d-59f3-419d-b33a-0480d9a8de17,tRNA-Glu-CTC-1-1;tRNA-Thr-CGT-1-1
1b5181a1-9352-4175-b905-332c9cb39560,tRNA-Lys-TTT-1-1;tRNA-Pro-AGG-1-1
f1ea923c-7709-4f7f-b305-a9c30c2d04bb,tRNA-Ala-CGC-1-1;tRNA-Leu-TAG-1-1
70feec6f-5fb9-4f4c-8402-25f43147a31c,tRNA-Ile-AAT-1-1;tRNA-Leu-TAG-1-1
1b6976f4-d609-4514-b160-22f87555795f,tRNA-Glu-CTC-1-1;tRNA-Tyr-GTA-1-1
6f860313-7d56-4c34-a9d7-067b6c64e1b6,tRNA-Gly-TCC-3-1;tRNA-Met-CAT-1-1
02f7ebf0-a882-42bf-8310-0e0e8a48e4d2,tRNA-Ala-AGC-1-1;tRNA-Pro-AGG-1-1
70da4f44-0458-4963-9f9e-5ad056b4bd55,tRNA-Asn-GTT-2-1;tRNA-Glu-CTC-1-1
745b45f3-d865-4d7f-a722-f0fa94cca2db,tRNA-Ala-AGC-1-1;tRNA-Arg-CCT-1-1
71368773-dea7-42f1-9513-c14a75f85f84,tRNA-Ala-TGC-1-1;tRNA-Arg-TCG-1-1
fe366dd1-5bec-4c27-8cf3-aad84c1e1dcd,tRNA-Cys-GCA-1-1;tRNA-Val-CAC-1-1
f7ede047-cd5d-4b61-a6a6-b3831737d8d5,tRNA-Ile-AAT-1-1;tRNA-Pro-CGG-1-1
aa159ac6-085b-4c21-9056-1261d2fd79a0,tRNA-Leu-TAG-1-1;tRNA-Lys-CTT-1-1
180bd47a-24f3-48d9-8ce1-f0cec5d3778e,tRNA-His-GTG-1-1;tRNA-Tyr-GTA-1-1
99f6e215-bd04-487c-8bfa-3f4763ed6add,tRNA-Asp-GTC-1-1;tRNA-Met-CAT-1-1
a6f87e5b-4f7d-40be-94ec-6451509dc815,tRNA-Thr-CGT-1-1;tRNA-Val-CAC-1-1
1cf04144-f5fe-4e02-9336-b4915d6c7e93,tRNA-Met-CAT-1-1;tRNA-Thr-CGT-1-1
31b73f87-04f0-4714-9ced-171ca71c750b,tRNA-His-GTG-1-1;tRNA-Pro-AGG-1-1
48b6f310-bfa1-4e06-97d0-42d75f488039,tRNA-Lys-TTT-1-1;tRNA-iMet-CAT-1-1
5dd145c1-8808-4158-80eb-3fd598a58183,tRNA-Ala-TGC-1-1;tRNA-Leu-TAA-1-1
6f1df37c-1cbe-4d9f-bf23-766a681e1ed6,tRNA-His-GTG-1-1;tRNA-Met-CAT-1-1
b5e4db42-0586-42a7-9974-93589b96e012,tRNA-Tyr-GTA-1-1;tRNA-Val-AAC-1-1
92507403-a15c-4fcb-b0f6-d35dd4375b39,tRNA-Gly-GCC-1-1;tRNA-Leu-AAG-1-1
a95a495a-0ac5-423b-805d-4d8562a32606,tRNA-Asp-GTC-1-1;tRNA-Ile-TAT-1-1
d90ce15d-cb4a-4376-b5a9-e3fa9bb9aec4,tRNA-His-GTG-1-1;tRNA-Val-TAC-1-1
bc82cb04-e8d4-4d80-b4a0-c318548556e9,tRNA-Lys-CTT-1-1;tRNA-Pro-CGG-1-1
e580b348-b428-46cd-92a9-9b0adb205428,tRNA-His-GTG-1-1;tRNA-Thr-CGT-1-1
fcf43c99-259b-427c-a4d1-976f56462e6c,tRNA-Glu-TTC-1-1;tRNA-Val-TAC-1-1
7d458b6d-a893-496a-943c-c448bcf5fed9,tRNA-Arg-ACG-1-1;tRNA-Thr-TGT-2-1
95d109e8-8e9f-4b78-a919-0a5da8b1b061,tRNA-Arg-TCT-2-1;tRNA-Asn-GTT-2-1
f55db2fe-9312-4f1d-bac6-c47463ee1e1b,tRNA-Ile-TAT-1-1;tRNA-Ser-GCT-1-1
08be7039-92c2-45bc-852d-3f3aebc423a8,tRNA-Gly-TCC-2-1;tRNA-Leu-AAG-1-1
7ca5a397-b7fe-4e70-96d6-89f7628a3c67,tRNA-Ala-AGC-1-1;tRNA-Lys-CTT-1-1
9871d5b7-863d-45b4-b111-b9a572fc0315,tRNA-Thr-TGT-2-1;tRNA-Val-AAC-1-1
6091ea42-c949-4aa4-a600-52b21e300657,tRNA-Arg-TCT-2-1;tRNA-Asp-GTC-1-1
435f8c3b-37d3-4e3b-b0f4-45b8a594fbd6,tRNA-Ser-AGA-1-1;tRNA-Val-AAC-1-1
aa23a41f-93b5-4d73-9fb1-1387ded7b423,tRNA-Arg-CCT-1-1;tRNA-Thr-TGT-2-1
c40d3983-62e9-4999-b5ff-150d7883ab4e,tRNA-Tyr-GTA-1-1;tRNA-Val-CAC-1-1
3c2c9a2e-289d-4fa0-984a-4129efb582d8,tRNA-Pro-CGG-1-1;tRNA-Ser-GCT-1-1
1535054a-bbb7-48fe-8c57-540a81ab9795,tRNA-Lys-CTT-1-1;tRNA-Val-TAC-1-1
710c1861-2b9c-40f6-872c-0db2e4f86e77,tRNA-Ile-TAT-1-1;tRNA-Leu-TAG-1-1
419897a5-70c1-4a15-875f-b6ac0ef83d55,tRNA-Met-CAT-1-1;tRNA-Tyr-GTA-1-1
94d0676b-429b-44e3-a9c9-ff2086ced393,tRNA-Arg-TCT-2-1;tRNA-His-GTG-1-1
c4869e5b-6258-485c-86d1-2fbbeaecafc2,tRNA-Ala-AGC-1-1;tRNA-Lys-CTT-1-1
e6526dbc-f881-4b38-b6a6-1cb68dcc7c77,tRNA-Ala-TGC-1-1;tRNA-Thr-CGT-1-1
5e4f4919-76e3-4d34-be58-5953be5678cc,tRNA-Met-CAT-1-1;tRNA-Tyr-GTA-1-1
750fa6c7-22fc-4b73-bf6f-53b50d068d01,tRNA-Ala-AGC-1-1;tRNA-Glu-CTC-1-1
49bd7a0e-d255-459d-af99-b10ab1337ac4,tRNA-Cys-GCA-1-1;tRNA-Val-TAC-1-1
a6469f3b-cbd0-4b78-9372-d24ceacadd45,tRNA-Pro-AGG-1-1;tRNA-Ser-GCT-1-1
929649ce-ee50-4de7-ad3f-dba41b92849e,tRNA-Ser-AGA-1-1;tRNA-Thr-CGT-1-1
e16d4821-f0dd-4396-8064-801faf4a874b,tRNA-Phe-GAA-1-1;tRNA-Val-AAC-1-1
5d13ea22-7e2d-4e9b-89db-59b4cafe8461,tRNA-Cys-GCA-1-1;tRNA-Leu-TAA-1-1
3a2d59df-bfd6-4112-9665-477e759d8326,tRNA-Arg-CCG-1-1;tRNA-Pro-CGG-1-1
b7cf8e29-1e60-4394-961b-8679e3832b34,tRNA-Gly-CCC-1-1;tRNA-Met-CAT-1-1
d72bd5e5-cd97-40ea-a255-a9d950843952,tRNA-Ala-CGC-1-1;tRNA-Leu-TAG-1-1
a6bfcf85-f3c8-42c0-817d-f5300091acde,tRNA-Ile-AAT-1-1;tRNA-Met-CAT-1-1
6cd08e25-14b9-43f3-84f7-47b8db639bb9,tRNA-Asn-GTT-2-1;tRNA-Lys-TTT-1-1
b6eb93f2-aa97-45d7-a381-87e2b68c5ed3,tRNA-Cys-GCA-1-1;tRNA-Tyr-GTA-1-1
14f933fe-5776-4a23-9310-51b52d97b959,tRNA-Asn-GTT-1-1;tRNA-iMet-CAT-1-1
